Path,Emergency,2p0E34_NoScouting,2p0E34_NoLowPtSingleMu,2p0E34_NoLowPtSingleMuScouting,2p0E34+ZeroBias+HLTPhysics,2p0E34,2p0E34_NoAXO,1p8E34,1p8E34_NoAXO,2p0E34_OnlyMuons,2p0E34_NoMuShower,2p0E34_NoEcalTiming,HIon,PRef
HLTriggerFirstPath,1,1,1,1,1,1,1,1,1,1,1,1,1,1
Status_OnCPU,1,1,1,1,1,1,1,1,1,1,1,1,1,1
Status_OnGPU,1,1,1,1,1,1,1,1,1,1,1,1,1,1
AlCa_EcalPhiSym_v17,1,1,1,1,1,1,1,1,1,1,1,1,0,1
AlCa_EcalEtaEBonly_v22,1,1,1,1,1,1,1,1,1,1,1,1,0,0
AlCa_EcalEtaEEonly_v22,1,1,1,1,1,1,1,1,1,1,1,1,0,0
AlCa_EcalPi0EBonly_v22,2,1,1,1,1,1,1,1,1,1,1,1,0,0
AlCa_EcalPi0EEonly_v22,1,1,1,1,1,1,1,1,1,1,1,1,0,0
AlCa_RPCMuonNormalisation_v20,12,20,20,20,20,20,20,20,20,20,20,20,0,0
AlCa_LumiPixelsCounts_Random_v8,1,1,1,1,1,1,1,1,1,1,1,1,1,1
AlCa_LumiPixelsCounts_ZeroBias_v10,2,1,1,1,1,1,1,1,1,1,1,1,1,13
AlCa_PFJet40_v28,2,2,2,2,2,2,2,2,2,0,2,2,1,2
AlCa_PFJet40_CPUOnly_v7,2,2,2,2,2,2,2,2,2,0,2,2,1,2
AlCa_AK8PFJet40_v23,20,20,20,20,20,20,20,20,20,0,20,20,1,20
DQM_PixelReconstruction_v10,0,10000,10000,10000,10000,10000,10000,10000,10000,10000,10000,10000,0,10000
DQM_EcalReconstruction_v10,0,10000,10000,10000,10000,10000,10000,10000,10000,10000,10000,10000,0,10000
DQM_HcalReconstruction_v8,0,10000,10000,10000,10000,10000,10000,10000,10000,10000,10000,10000,0,10000
DST_ZeroBias_v7,1,1,1,1,1,1,1,1,1,1,1,1,1,15
DST_Physics_v12,10,10,10,10,10,10,10,10,10,10,10,10,10,10
DST_PFScouting_DoubleMuon_v2,0,0,1,1,1,1,0,1,1,0,1,1,1,0
DST_PFScouting_DoubleEG_v2,0,0,1,1,1,1,0,1,1,0,1,1,1,0
DST_PFScouting_JetHT_v2,0,0,1,1,1,1,0,1,1,0,1,1,1,0
DST_PFScouting_DatasetMuon_v2,0,0,1,1,1,1,0,1,1,0,1,1,1,0
DST_PFScouting_AXONominal_v2,0,0,0,0,0,0,0,0,0,0,0,0,0,0
DST_PFScouting_AXOTight_v2,0,0,0,0,0,0,0,0,0,0,0,0,0,0
DST_PFScouting_SingleMuon_v2,0,0,0,0,1,1,0,1,1,1,1,1,1,1
HLT_EphemeralPhysics_v7,0,0,0,0,100,0,0,0,0,0,0,0,0,0
HLT_EphemeralZeroBias_v7,0,0,0,0,1,0,0,0,0,0,0,0,0,0
HLT_EcalCalibration_v4,1,1,1,1,1,1,1,1,1,1,1,1,1,1
HLT_HcalCalibration_v6,1,1,1,1,1,1,1,1,1,1,1,1,1,1
HLT_HcalNZS_v19,1,1,1,1,1,1,1,1,1,1,1,1,0,1
HLT_HcalPhiSym_v21,1,1,1,1,1,1,1,1,1,1,1,1,0,1
HLT_Random_v3,60,40,40,40,40,40,40,40,40,40,40,40,1,40
HLT_Physics_v12,25,50,50,50,50,50,50,50,50,50,50,50,1,50
HLT_ZeroBias_v11,30,30,30,30,30,30,30,30,30,30,30,30,1,1000
HLT_ZeroBias_Alignment_v6,150,150,150,150,150,150,150,150,150,150,150,150,1,1000
HLT_ZeroBias_Beamspot_v12,75,75,75,75,75,75,75,75,75,75,75,75,1,1000
HLT_ZeroBias_IsolatedBunches_v10,1,1,1,1,1,1,1,1,1,1,1,1,1,10
HLT_ZeroBias_FirstBXAfterTrain_v8,1,1,1,1,1,1,1,1,1,1,1,1,1,0
HLT_ZeroBias_FirstCollisionAfterAbortGap_v10,2,2,2,2,2,2,2,2,2,2,2,2,1,2
HLT_ZeroBias_FirstCollisionInTrain_v9,1,1,1,1,1,1,1,1,1,1,1,1,1,0
HLT_ZeroBias_LastCollisionInTrain_v8,1,1,1,1,1,1,1,1,1,1,1,1,1,0
HLT_HT300_Beamspot_v19,80,80,80,80,80,80,80,60,60,80,80,80,1,0
HLT_IsoTrackHB_v12,6,6,6,6,6,6,6,6,6,6,6,6,0,1
HLT_IsoTrackHE_v12,3,3,3,3,3,3,3,3,3,3,3,3,0,1
HLT_PFJet40_GPUvsCPU_v5,1,1,1,1,1,1,1,1,1,0,1,1,1,1
HLT_AK8PFJet380_SoftDropMass30_v2,0,1,1,1,1,1,1,1,1,0,1,1,1,0
HLT_AK8PFJet400_SoftDropMass30_v2,0,1,1,1,1,1,1,1,1,0,1,1,1,0
HLT_AK8PFJet425_SoftDropMass30_v2,0,1,1,1,1,1,1,1,1,0,1,1,1,0
HLT_AK8PFJet450_SoftDropMass30_v2,0,1,1,1,1,1,1,1,1,0,1,1,1,0
HLT_AK8DiPFJet250_250_SoftDropMass40_v2,0,1,1,1,1,1,1,1,1,0,1,1,1,0
HLT_AK8DiPFJet250_250_SoftDropMass50_v2,0,1,1,1,1,1,1,1,1,0,1,1,1,0
HLT_AK8DiPFJet260_260_SoftDropMass30_v2,0,1,1,1,1,1,1,1,1,0,1,1,1,0
HLT_AK8DiPFJet260_260_SoftDropMass40_v2,0,1,1,1,1,1,1,1,1,0,1,1,1,0
HLT_AK8DiPFJet270_270_SoftDropMass30_v2,0,1,1,1,1,1,1,1,1,0,1,1,1,0
HLT_AK8DiPFJet280_280_SoftDropMass30_v8,0,1,1,1,1,1,1,1,1,0,1,1,1,0
HLT_AK8DiPFJet290_290_SoftDropMass30_v2,0,1,1,1,1,1,1,1,1,0,1,1,1,0
HLT_CaloJet500_NoJetID_v20,0,1,1,1,1,1,1,1,1,0,1,1,1,0
HLT_CaloJet550_NoJetID_v15,0,1,1,1,1,1,1,1,1,0,1,1,1,0
HLT_DoubleMu5_Upsilon_DoubleEle3_CaloIdL_TrackIdL_v12,0,1,1,1,1,1,1,1,1,1,1,1,1,0
HLT_DoubleMu3_DoubleEle7p5_CaloIdL_TrackIdL_Upsilon_v12,0,1,1,1,1,1,1,1,1,1,1,1,1,0
HLT_Trimuon5_3p5_2_Upsilon_Muon_v13,0,1,1,1,1,1,1,1,1,1,1,1,1,0
HLT_TrimuonOpen_5_3p5_2_Upsilon_Muon_v11,0,1,1,1,1,1,1,1,1,1,1,1,1,0
HLT_DoubleEle25_CaloIdL_MW_v13,0,1,1,1,1,1,1,1,1,0,1,1,1,0
HLT_DoubleEle27_CaloIdL_MW_v13,0,1,1,1,1,1,1,1,1,0,1,1,1,0
HLT_DoubleEle33_CaloIdL_MW_v26,0,1,1,1,1,1,1,1,1,0,1,1,1,0
HLT_DoubleEle24_eta2p1_WPTight_Gsf_v15,0,1,1,1,1,1,1,1,1,0,1,1,1,0
HLT_DoubleEle8_CaloIdM_TrackIdM_Mass8_DZ_PFHT350_v28,0,1,1,1,1,1,1,1,1,0,1,1,1,0
HLT_DoubleEle8_CaloIdM_TrackIdM_Mass8_PFHT350_v28,0,1,1,1,1,1,1,1,1,0,1,1,1,0
HLT_Mu27_Ele37_CaloIdL_MW_v13,0,1,1,1,1,1,1,1,1,0,1,1,1,0
HLT_Mu37_Ele27_CaloIdL_MW_v13,0,1,1,1,1,1,1,1,1,0,1,1,1,0
HLT_Mu37_TkMu27_v13,0,1,1,1,1,1,1,1,1,1,1,1,1,0
HLT_DoubleMu4_3_Bs_v23,0,1,1,1,1,1,1,1,1,1,1,1,1,0
HLT_DoubleMu4_3_Jpsi_v23,0,20,20,20,20,20,20,20,20,20,20,20,1,0
HLT_DoubleMu4_3_LowMass_v9,0,1,1,1,1,1,1,1,1,1,1,1,1,0
HLT_DoubleMu4_LowMass_Displaced_v9,0,1,1,1,1,1,1,1,1,1,1,1,1,0
HLT_Mu0_L1DoubleMu_v9,0,1,1,1,1,1,1,1,1,1,1,1,1,0
HLT_Mu4_L1DoubleMu_v9,0,1000,1000,1000,1000,1000,1000,1000,1000,1000,1000,1000,1,0
HLT_DoubleMu2_Jpsi_LowPt_v2,0,1,1,1,1,1,1,1,1,1,1,1,1,0
HLT_DoubleMu4_3_Photon4_BsToMMG_v8,0,1,1,1,1,1,1,1,1,1,1,1,1,0
HLT_DoubleMu4_3_Displaced_Photon4_BsToMMG_v8,0,1,1,1,1,1,1,1,1,1,1,1,1,0
HLT_DoubleMu3_Trk_Tau3mu_v20,0,20,20,20,20,20,20,20,20,20,20,20,1,0
HLT_DoubleMu3_TkMu_DsTau3Mu_v12,0,1,1,1,1,1,1,1,1,1,1,1,1,0
HLT_DoubleMu4_Mass3p8_DZ_PFHT350_v16,0,1,1,1,1,1,1,1,1,1,1,1,1,0
HLT_DoubleMu4_MuMuTrk_Displaced_v23,0,1,1,1,1,1,1,1,1,1,1,1,1,0
HLT_Mu3_PFJet40_v24,0,2,2,2,2,2,2,2,2,2,2,2,1,0
HLT_Mu7p5_L2Mu2_Jpsi_v18,0,1,1,1,1,1,1,1,1,1,1,1,1,0
HLT_Mu7p5_L2Mu2_Upsilon_v18,0,1,1,1,1,1,1,1,1,1,1,1,1,0
HLT_Mu3_L1SingleMu5orSingleMu7_v9,0,1,1,1,1,1,1,1,1,1,1,1,1,0
HLT_Mu0_Barrel_v2,0,1,1,1,1,1,1,1,1,1,1,1,0,0
HLT_Mu0_Barrel_L1HP10_v2,0,1000,1000,1000,1000,1000,1000,1000,1000,1000,1000,1000,0,0
HLT_Mu0_Barrel_L1HP11_v2,0,1000,1000,1000,1000,1000,1000,1000,1000,1000,1000,1000,0,0
HLT_Mu9_Barrel_L1HP10_IP6_v2,0,1,1,1,1,1,1,1,1,1,1,1,1,0
HLT_Mu10_Barrel_L1HP11_IP6_v2,0,1,1,1,1,1,1,1,1,1,1,1,1,0
HLT_DoublePhoton33_CaloIdL_v15,0,64,64,64,64,64,64,64,64,0,64,64,1,0
HLT_DoublePhoton70_v15,0,1,1,1,1,1,1,1,1,0,1,1,1,0
HLT_DoublePhoton85_v23,0,1,1,1,1,1,1,1,1,0,1,1,1,0
HLT_DiEle27_WPTightCaloOnly_L1DoubleEG_v12,0,1,1,1,1,1,1,1,1,0,1,1,1,0
HLT_Ele30_WPTight_Gsf_v9,0,1,1,1,1,1,1,1,1,0,1,1,1,0
HLT_Ele32_WPTight_Gsf_v23,0,1,1,1,1,1,1,1,1,0,1,1,1,0
HLT_Ele35_WPTight_Gsf_v17,0,1,1,1,1,1,1,1,1,0,1,1,1,0
HLT_Ele38_WPTight_Gsf_v17,0,1,1,1,1,1,1,1,1,0,1,1,1,0
HLT_Ele40_WPTight_Gsf_v17,0,1,1,1,1,1,1,1,1,0,1,1,1,0
HLT_Ele32_WPTight_Gsf_L1DoubleEG_v17,0,1,1,1,1,1,1,1,1,0,1,1,1,0
HLT_IsoMu20_v23,0,1,1,1,1,1,1,1,1,1,1,1,1,0
HLT_IsoMu24_v21,0,1,1,1,1,1,1,1,1,1,1,1,1,0
HLT_IsoMu24_eta2p1_v23,0,1,1,1,1,1,1,1,1,1,1,1,1,0
HLT_IsoMu27_v24,0,1,1,1,1,1,1,1,1,1,1,1,1,0
HLT_UncorrectedJetE30_NoBPTX_v12,0,1,1,1,1,1,1,1,1,0,1,1,1,0
HLT_UncorrectedJetE30_NoBPTX3BX_v12,0,1,1,1,1,1,1,1,1,0,1,1,1,0
HLT_UncorrectedJetE60_NoBPTX3BX_v12,0,1,1,1,1,1,1,1,1,0,1,1,1,0
HLT_UncorrectedJetE70_NoBPTX3BX_v12,0,1,1,1,1,1,1,1,1,0,1,1,1,0
HLT_L1SingleMuCosmics_v6,0,1,1,1,1,1,1,1,1,1,1,1,1,1
HLT_L2Mu10_NoVertex_NoBPTX3BX_v12,0,80,80,80,80,80,80,80,80,0,80,80,1,0
HLT_L2Mu10_NoVertex_NoBPTX_v13,0,1,1,1,1,1,1,1,1,0,1,1,1,0
HLT_L2Mu45_NoVertex_3Sta_NoBPTX3BX_v11,0,1,1,1,1,1,1,1,1,0,1,1,1,0
HLT_L2Mu40_NoVertex_3Sta_NoBPTX3BX_v12,0,1,1,1,1,1,1,1,1,0,1,1,1,0
HLT_L2Mu23NoVtx_2Cha_v8,0,1,1,1,1,1,1,1,1,1,1,1,1,0
HLT_L2Mu23NoVtx_2Cha_CosmicSeed_v8,0,1,1,1,1,1,1,1,1,1,1,1,1,0
HLT_DoubleL2Mu30NoVtx_2Cha_CosmicSeed_Eta2p4_v9,0,1,1,1,1,1,1,1,1,1,1,1,1,0
HLT_DoubleL2Mu30NoVtx_2Cha_Eta2p4_v9,0,1,1,1,1,1,1,1,1,1,1,1,1,0
HLT_DoubleL2Mu50_v9,0,1,1,1,1,1,1,1,1,1,1,1,1,0
HLT_DoubleL2Mu23NoVtx_2Cha_CosmicSeed_v9,0,1,1,1,1,1,1,1,1,1,1,1,1,0
HLT_DoubleL2Mu25NoVtx_2Cha_CosmicSeed_v9,0,1,1,1,1,1,1,1,1,1,1,1,1,0
HLT_DoubleL2Mu25NoVtx_2Cha_CosmicSeed_Eta2p4_v9,0,1,1,1,1,1,1,1,1,1,1,1,1,0
HLT_DoubleL2Mu23NoVtx_2Cha_v9,0,1,1,1,1,1,1,1,1,1,1,1,1,0
HLT_DoubleL2Mu25NoVtx_2Cha_v9,0,1,1,1,1,1,1,1,1,1,1,1,1,0
HLT_DoubleL2Mu25NoVtx_2Cha_Eta2p4_v9,0,1,1,1,1,1,1,1,1,1,1,1,1,0
HLT_Mu17_TrkIsoVVL_Mu8_TrkIsoVVL_v22,0,20,20,20,20,20,20,20,20,20,20,20,1,0
HLT_Mu19_TrkIsoVVL_Mu9_TrkIsoVVL_v11,0,20,20,20,20,20,20,20,20,20,20,20,1,0
HLT_Mu17_TrkIsoVVL_Mu8_TrkIsoVVL_DZ_v23,0,20,20,20,20,20,20,20,20,20,20,20,1,0
HLT_Mu19_TrkIsoVVL_Mu9_TrkIsoVVL_DZ_v11,0,20,20,20,20,20,20,20,20,20,20,20,1,0
HLT_Mu17_TrkIsoVVL_Mu8_TrkIsoVVL_DZ_Mass8_v13,0,1,1,1,1,1,1,1,1,1,1,1,1,0
HLT_Mu17_TrkIsoVVL_Mu8_TrkIsoVVL_DZ_Mass8_PFJet30_v2,0,1,1,1,1,1,1,1,1,1,1,1,1,0
HLT_Mu19_TrkIsoVVL_Mu9_TrkIsoVVL_DZ_Mass8_v11,0,1,1,1,1,1,1,1,1,1,1,1,1,0
HLT_Mu17_TrkIsoVVL_Mu8_TrkIsoVVL_DZ_Mass3p8_v13,0,1,1,1,1,1,1,1,1,1,1,1,1,0
HLT_Mu17_TrkIsoVVL_Mu8_TrkIsoVVL_DZ_Mass8_CaloJet30_v1,0,1,1,1,1,1,1,1,1,1,1,1,1,0
HLT_Mu17_TrkIsoVVL_Mu8_TrkIsoVVL_DZ_Mass8_AK8PFJet30_v1,0,1,1,1,1,1,1,1,1,1,1,1,1,0
HLT_Mu17_TrkIsoVVL_Mu8_TrkIsoVVL_DZ_Mass8_AK8CaloJet30_v1,0,1,1,1,1,1,1,1,1,1,1,1,1,0
HLT_Mu19_TrkIsoVVL_Mu9_TrkIsoVVL_DZ_Mass3p8_v11,0,1,1,1,1,1,1,1,1,1,1,1,1,0
HLT_Mu30_TkMu0_Psi_v9,0,1,1,1,1,1,1,1,1,1,1,1,1,0
HLT_Mu30_TkMu0_Upsilon_v9,0,1,1,1,1,1,1,1,1,1,1,1,1,0
HLT_Mu25_TkMu0_Phi_v16,0,1,1,1,1,1,1,1,1,1,1,1,1,0
HLT_Mu15_v11,0,2,2,2,2,2,2,2,2,2,2,2,1,0
HLT_Mu20_v20,0,5,5,5,5,5,5,5,5,5,5,5,1,0
HLT_Mu27_v21,0,500,500,500,500,500,500,500,500,500,500,500,1,0
HLT_Mu50_v21,0,1,1,1,1,1,1,1,1,1,1,1,1,0
HLT_Mu55_v11,0,1,1,1,1,1,1,1,1,1,1,1,1,0
HLT_CascadeMu100_v11,0,1,1,1,1,1,1,1,1,1,1,1,1,0
HLT_HighPtTkMu100_v10,0,1,1,1,1,1,1,1,1,1,1,1,1,0
HLT_DiPFJetAve40_v22,0,25,25,25,25,25,25,25,25,0,25,25,1,0
HLT_DiPFJetAve60_v22,0,5,5,5,5,5,5,5,5,0,5,5,1,0
HLT_DiPFJetAve80_v22,0,1,1,1,1,1,1,1,1,0,1,1,1,0
HLT_DiPFJetAve140_v21,0,1,1,1,1,1,1,1,1,0,1,1,1,0
HLT_DiPFJetAve200_v21,0,1,1,1,1,1,1,1,1,0,1,1,1,0
HLT_DiPFJetAve260_v22,0,128,128,128,128,128,128,128,128,0,128,128,1,0
HLT_DiPFJetAve320_v22,0,48,48,48,48,48,48,48,48,0,48,48,1,0
HLT_DiPFJetAve400_v22,0,16,16,16,16,16,16,16,16,0,16,16,1,0
HLT_DiPFJetAve500_v22,0,4,4,4,4,4,4,4,4,0,4,4,1,0
HLT_DiPFJetAve60_HFJEC_v23,0,1,1,1,1,1,1,1,1,0,1,1,1,0
HLT_DiPFJetAve80_HFJEC_v25,0,2,2,2,2,2,2,2,2,0,2,2,1,0
HLT_DiPFJetAve100_HFJEC_v25,0,1,1,1,1,1,1,1,1,0,1,1,1,0
HLT_DiPFJetAve160_HFJEC_v24,0,1,1,1,1,1,1,1,1,0,1,1,1,0
HLT_DiPFJetAve220_HFJEC_v24,0,8,8,8,8,8,8,8,8,0,8,8,1,0
HLT_DiPFJetAve260_HFJEC_v7,0,1,1,1,1,1,1,1,1,0,1,1,1,0
HLT_DiPFJetAve300_HFJEC_v24,0,1,1,1,1,1,1,1,1,0,1,1,1,0
HLT_DiPFJetAve180_PPSMatch_Xi0p3_QuadJet_Max2ProtPerRP_v2,0,1,1,1,1,1,1,1,1,0,1,1,1,0
HLT_AK8PFJet40_v24,0,250,250,250,250,250,250,250,250,0,250,250,1,0
HLT_AK8PFJet60_v23,0,24,24,24,24,24,24,24,24,0,24,24,1,0
HLT_AK8PFJet80_v24,0,2,2,2,2,2,2,2,2,0,2,2,1,0
HLT_AK8PFJet140_v23,0,1,1,1,1,1,1,1,1,0,1,1,1,0
HLT_AK8PFJet200_v23,0,1,1,1,1,1,1,1,1,0,1,1,1,0
HLT_AK8PFJet260_v24,0,128,128,128,128,128,128,128,128,0,128,128,1,0
HLT_AK8PFJet320_v24,0,48,48,48,48,48,48,48,48,0,48,48,1,0
HLT_AK8PFJet400_v24,0,16,16,16,16,16,16,16,16,0,16,16,1,0
HLT_AK8PFJet450_v24,0,8,8,8,8,8,8,8,8,0,8,8,1,0
HLT_AK8PFJet500_v24,0,1,1,1,1,1,1,1,1,0,1,1,1,0
HLT_AK8PFJet550_v19,0,1,1,1,1,1,1,1,1,0,1,1,1,0
HLT_PFJet40_v29,0,30,30,30,30,30,30,30,30,0,30,30,1,0
HLT_PFJet60_v29,0,4,4,4,4,4,4,4,4,0,4,4,1,0
HLT_PFJet80_v29,0,1,1,1,1,1,1,1,1,0,1,1,1,0
HLT_PFJet110_v8,0,3,3,3,3,3,3,3,3,0,3,3,1,0
HLT_PFJet140_v27,0,1,1,1,1,1,1,1,1,0,1,1,1,0
HLT_PFJet200_v27,0,1,1,1,1,1,1,1,1,0,1,1,1,0
HLT_PFJet260_v28,0,128,128,128,128,128,128,128,128,0,128,128,1,0
HLT_PFJet320_v28,0,32,32,32,32,32,32,32,32,0,32,32,1,0
HLT_PFJet400_v28,0,16,16,16,16,16,16,16,16,0,16,16,1,0
HLT_PFJet450_v29,0,8,8,8,8,8,8,8,8,0,8,8,1,0
HLT_PFJet500_v29,0,1,1,1,1,1,1,1,1,0,1,1,1,0
HLT_PFJet550_v19,0,1,1,1,1,1,1,1,1,0,1,1,1,0
HLT_PFJetFwd40_v27,0,25,25,25,25,25,25,25,25,0,25,25,1,0
HLT_PFJetFwd60_v27,0,2,2,2,2,2,2,2,2,0,2,2,1,0
HLT_PFJetFwd80_v26,0,3,3,3,3,3,3,3,3,0,3,3,1,0
HLT_PFJetFwd140_v26,0,1,1,1,1,1,1,1,1,0,1,1,1,0
HLT_PFJetFwd200_v26,0,1,1,1,1,1,1,1,1,0,1,1,1,0
HLT_PFJetFwd260_v27,0,8,8,8,8,8,8,8,8,0,8,8,1,0
HLT_PFJetFwd320_v27,0,4,4,4,4,4,4,4,4,0,4,4,1,0
HLT_PFJetFwd400_v27,0,1,1,1,1,1,1,1,1,0,1,1,1,0
HLT_PFJetFwd450_v27,0,1,1,1,1,1,1,1,1,0,1,1,1,0
HLT_PFJetFwd500_v27,0,1,1,1,1,1,1,1,1,0,1,1,1,0
HLT_AK8PFJetFwd40_v23,0,750,750,750,750,750,750,750,750,0,750,750,1,0
HLT_AK8PFJetFwd60_v22,0,5,5,5,5,5,5,5,5,0,5,5,1,0
HLT_AK8PFJetFwd80_v22,0,9,9,9,9,9,9,9,9,0,9,9,1,0
HLT_AK8PFJetFwd140_v22,0,2,2,2,2,2,2,2,2,0,2,2,1,0
HLT_AK8PFJetFwd200_v22,0,1,1,1,1,1,1,1,1,0,1,1,1,0
HLT_AK8PFJetFwd260_v23,0,8,8,8,8,8,8,8,8,0,8,8,1,0
HLT_AK8PFJetFwd320_v23,0,4,4,4,4,4,4,4,4,0,4,4,1,0
HLT_AK8PFJetFwd400_v23,0,1,1,1,1,1,1,1,1,0,1,1,1,0
HLT_AK8PFJetFwd450_v23,0,1,1,1,1,1,1,1,1,0,1,1,1,0
HLT_AK8PFJetFwd500_v23,0,1,1,1,1,1,1,1,1,0,1,1,1,0
HLT_PFHT180_v25,0,1,1,1,1,1,1,1,1,0,1,1,1,0
HLT_PFHT250_v25,0,1,1,1,1,1,1,1,1,0,1,1,1,0
HLT_PFHT370_v25,0,1,1,1,1,1,1,1,1,0,1,1,1,0
HLT_PFHT430_v25,0,1,1,1,1,1,1,1,1,0,1,1,1,0
HLT_PFHT510_v25,0,256,256,256,256,256,256,256,256,0,256,256,1,0
HLT_PFHT590_v25,0,128,128,128,128,128,128,128,128,0,128,128,1,0
HLT_PFHT680_v25,0,64,64,64,64,64,64,64,64,0,64,64,1,0
HLT_PFHT780_v25,0,32,32,32,32,32,32,32,32,0,32,32,1,0
HLT_PFHT890_v25,0,16,16,16,16,16,16,16,16,0,16,16,1,0
HLT_PFHT1050_v26,0,1,1,1,1,1,1,1,1,0,1,1,1,0
HLT_PFHT500_PFMET100_PFMHT100_IDTight_v20,0,1,1,1,1,1,1,1,1,0,1,1,1,0
HLT_PFHT500_PFMET110_PFMHT110_IDTight_v20,0,1,1,1,1,1,1,1,1,0,1,1,1,0
HLT_PFHT700_PFMET85_PFMHT85_IDTight_v20,0,1,1,1,1,1,1,1,1,0,1,1,1,0
HLT_PFHT800_PFMET75_PFMHT75_IDTight_v20,0,1,1,1,1,1,1,1,1,0,1,1,1,0
HLT_PFMET120_PFMHT120_IDTight_v28,0,1,1,1,1,1,1,1,1,0,1,1,1,0
HLT_PFMET130_PFMHT130_IDTight_v28,0,1,1,1,1,1,1,1,1,0,1,1,1,0
HLT_PFMET140_PFMHT140_IDTight_v28,0,1,1,1,1,1,1,1,1,0,1,1,1,0
HLT_PFMET120_PFMHT120_IDTight_PFHT60_v17,0,1,1,1,1,1,1,1,1,0,1,1,1,0
HLT_PFMETNoMu120_PFMHTNoMu120_IDTight_PFHT60_v17,0,1,1,1,1,1,1,1,1,0,1,1,1,0
HLT_PFMETTypeOne140_PFMHT140_IDTight_v19,0,1,1,1,1,1,1,1,1,0,1,1,1,0
HLT_PFMETNoMu120_PFMHTNoMu120_IDTight_v28,0,1,1,1,1,1,1,1,1,0,1,1,1,0
HLT_PFMETNoMu130_PFMHTNoMu130_IDTight_v27,0,1,1,1,1,1,1,1,1,0,1,1,1,0
HLT_PFMETNoMu140_PFMHTNoMu140_IDTight_v27,0,1,1,1,1,1,1,1,1,0,1,1,1,0
HLT_PFMETNoMu110_PFMHTNoMu110_IDTight_FilterHF_v8,0,1,1,1,1,1,1,1,1,0,1,1,1,0
HLT_PFMETNoMu120_PFMHTNoMu120_IDTight_FilterHF_v8,0,1,1,1,1,1,1,1,1,0,1,1,1,0
HLT_PFMETNoMu130_PFMHTNoMu130_IDTight_FilterHF_v8,0,1,1,1,1,1,1,1,1,0,1,1,1,0
HLT_PFMETNoMu140_PFMHTNoMu140_IDTight_FilterHF_v8,0,1,1,1,1,1,1,1,1,0,1,1,1,0
HLT_L1ETMHadSeeds_v8,0,1024,1024,1024,1024,1024,1024,1024,1024,0,1024,1024,1,0
HLT_CaloMHT90_v12,0,128,128,128,128,128,128,128,128,0,128,128,1,0
HLT_CaloMET90_NotCleaned_v12,0,128,128,128,128,128,128,128,128,0,128,128,1,0
HLT_CaloMET350_NotCleaned_v12,0,1,1,1,1,1,1,1,1,0,1,1,1,0
HLT_PFMET200_NotCleaned_v17,0,16,16,16,16,16,16,16,16,0,16,16,1,0
HLT_PFMET250_NotCleaned_v17,0,1,1,1,1,1,1,1,1,0,1,1,1,0
HLT_PFMET300_NotCleaned_v17,0,1,1,1,1,1,1,1,1,0,1,1,1,0
HLT_PFMET200_BeamHaloCleaned_v17,0,1,1,1,1,1,1,1,1,0,1,1,1,0
HLT_PFMETTypeOne200_BeamHaloCleaned_v17,0,1,1,1,1,1,1,1,1,0,1,1,1,0
HLT_MET105_IsoTrk50_v17,0,1,1,1,1,1,1,1,1,0,1,1,1,0
HLT_MET120_IsoTrk50_v17,0,1,1,1,1,1,1,1,1,0,1,1,1,0
HLT_Mu12eta2p3_v9,0,20,20,20,20,20,20,20,20,0,20,20,1,0
HLT_Mu12eta2p3_PFJet40_v9,0,1,1,1,1,1,1,1,1,0,1,1,1,0
HLT_Mu12_DoublePFJets40_PNetBTag_0p11_v2,0,1,1,1,1,1,1,1,1,0,1,1,1,0
HLT_Mu12_DoublePFJets100_PNetBTag_0p11_v2,0,1,1,1,1,1,1,1,1,0,1,1,1,0
HLT_Mu12_DoublePFJets200_PNetBTag_0p11_v2,0,1,1,1,1,1,1,1,1,0,1,1,1,0
HLT_Mu12_DoublePFJets350_PNetBTag_0p11_v2,0,1,1,1,1,1,1,1,1,0,1,1,1,0
HLT_Mu12_DoublePFJets40MaxDeta1p6_PNet2BTag_0p11_v2,0,1,1,1,1,1,1,1,1,0,1,1,1,0
HLT_Mu12_DoublePFJets54MaxDeta1p6_PNet2BTag_0p11_v2,0,1,1,1,1,1,1,1,1,0,1,1,1,0
HLT_DoublePFJets40_PNetBTag_0p11_v2,0,1,1,1,1,1,1,1,1,0,1,1,1,0
HLT_DoublePFJets100_PNetBTag_0p11_v2,0,2,2,2,2,2,2,2,2,0,2,2,1,0
HLT_DoublePFJets200_PNetBTag_0p11_v2,0,1,1,1,1,1,1,1,1,0,1,1,1,0
HLT_DoublePFJets350_PNetBTag_0p11_v2,0,7,7,7,7,7,7,7,7,0,7,7,1,0
HLT_DoublePFJets116MaxDeta1p6_PNet2BTag_0p11_v2,0,1,1,1,1,1,1,1,1,0,1,1,1,0
HLT_DoublePFJets128MaxDeta1p6_PNet2BTag_0p11_v2,0,1,1,1,1,1,1,1,1,0,1,1,1,0
HLT_Photon300_NoHE_v21,0,1,1,1,1,1,1,1,1,0,1,1,1,0
HLT_Mu8_TrkIsoVVL_v20,0,4,4,4,4,4,4,4,4,4,4,4,1,0
HLT_Mu8_DiEle12_CaloIdL_TrackIdL_DZ_v26,0,1,1,1,1,1,1,1,1,0,1,1,1,0
HLT_Mu8_DiEle12_CaloIdL_TrackIdL_v26,0,1,1,1,1,1,1,1,1,0,1,1,1,0
HLT_Mu8_Ele8_CaloIdM_TrackIdM_Mass8_PFHT350_DZ_v27,0,1,1,1,1,1,1,1,1,0,1,1,1,0
HLT_Mu8_Ele8_CaloIdM_TrackIdM_Mass8_PFHT350_v27,0,5,5,5,5,5,5,5,5,0,5,5,1,0
HLT_Mu8_TrkIsoVVL_Ele23_CaloIdL_TrackIdL_IsoVL_DZ_v21,0,1,1,1,1,1,1,1,1,0,1,1,1,0
HLT_Mu8_TrkIsoVVL_Ele23_CaloIdL_TrackIdL_IsoVL_DZ_PFDiJet30_v9,0,1,1,1,1,1,1,1,1,0,1,1,1,0
HLT_Mu8_TrkIsoVVL_Ele23_CaloIdL_TrackIdL_IsoVL_DZ_CaloDiJet30_v9,0,1,1,1,1,1,1,1,1,0,1,1,1,0
HLT_Mu8_TrkIsoVVL_Ele23_CaloIdL_TrackIdL_IsoVL_v19,0,16,16,16,16,16,16,16,16,0,16,16,1,0
HLT_Mu17_TrkIsoVVL_v21,0,1,1,1,1,1,1,1,1,1,1,1,1,0
HLT_Mu19_TrkIsoVVL_v12,0,1,1,1,1,1,1,1,1,1,1,1,1,0
HLT_BTagMu_AK4DiJet20_Mu5_v21,0,8,8,8,8,8,8,8,8,0,8,8,1,0
HLT_BTagMu_AK4DiJet40_Mu5_v21,0,2,2,2,2,2,2,2,2,0,2,2,1,0
HLT_BTagMu_AK4DiJet70_Mu5_v21,0,2,2,2,2,2,2,2,2,0,2,2,1,0
HLT_BTagMu_AK4DiJet110_Mu5_v21,0,2,2,2,2,2,2,2,2,0,2,2,1,0
HLT_BTagMu_AK4DiJet170_Mu5_v20,0,2,2,2,2,2,2,2,2,0,2,2,1,0
HLT_BTagMu_AK4Jet300_Mu5_v20,0,1,1,1,1,1,1,1,1,0,1,1,1,0
HLT_BTagMu_AK8DiJet170_Mu5_v17,0,4,4,4,4,4,4,4,4,0,4,4,1,0
HLT_BTagMu_AK8Jet170_DoubleMu5_v10,0,1,1,1,1,1,1,1,1,0,1,1,1,0
HLT_BTagMu_AK8Jet300_Mu5_v20,0,2,2,2,2,2,2,2,2,0,2,2,1,0
HLT_Ele23_Ele12_CaloIdL_TrackIdL_IsoVL_DZ_v27,0,1,1,1,1,1,1,1,1,0,1,1,1,0
HLT_Ele23_Ele12_CaloIdL_TrackIdL_IsoVL_v27,0,1,1,1,1,1,1,1,1,0,1,1,1,0
HLT_Mu23_TrkIsoVVL_Ele12_CaloIdL_TrackIdL_IsoVL_DZ_v23,0,1,1,1,1,1,1,1,1,0,1,1,1,0
HLT_Mu23_TrkIsoVVL_Ele12_CaloIdL_TrackIdL_IsoVL_v15,0,1,1,1,1,1,1,1,1,0,1,1,1,0
HLT_Mu12_TrkIsoVVL_Ele23_CaloIdL_TrackIdL_IsoVL_v15,0,16,16,16,16,16,16,16,16,0,16,16,1,0
HLT_Mu12_TrkIsoVVL_Ele23_CaloIdL_TrackIdL_IsoVL_DZ_v23,0,1,1,1,1,1,1,1,1,0,1,1,1,0
HLT_Mu12_IsoVVL_PFHT150_PNetBTag0p53_v1,0,1,1,1,1,1,1,1,1,0,1,1,1,0
HLT_Photon33_v13,0,32,32,32,32,32,32,32,32,0,32,32,1,0
HLT_Photon50_v21,0,6144,6144,6144,6144,6144,6144,6144,6144,0,6144,6144,1,0
HLT_Photon75_v21,0,512,512,512,512,512,512,512,512,0,512,512,1,0
HLT_Photon90_v21,0,512,512,512,512,512,512,512,512,0,512,512,1,0
HLT_Photon120_v21,0,128,128,128,128,128,128,128,128,0,128,128,1,0
HLT_Photon150_v15,0,128,128,128,128,128,128,128,128,0,128,128,1,0
HLT_Photon175_v23,0,64,64,64,64,64,64,64,64,0,64,64,1,0
HLT_Photon200_v22,0,1,1,1,1,1,1,1,1,0,1,1,1,0
HLT_Photon50EB_v2,0,256,256,256,256,256,256,256,256,0,256,256,256,0
HLT_Photon30EB_TightID_TightIso_v9,0,6,6,6,6,6,6,6,6,0,6,6,1,0
HLT_Photon50EB_TightID_TightIso_PFJet30_v2,0,1,1,1,1,1,1,1,1,0,1,1,1,0
HLT_Photon50EB_TightID_TightIso_CaloJet30_v1,0,1,1,1,1,1,1,1,1,0,1,1,1,0
HLT_Photon50EB_TightID_TightIso_AK8PFJet30_v1,0,1,1,1,1,1,1,1,1,0,1,1,1,0
HLT_Photon50EB_TightID_TightIso_AK8CaloJet30_v1,0,1,1,1,1,1,1,1,1,0,1,1,1,0
HLT_Photon50EB_TightID_TightIso_v6,0,1,1,1,1,1,1,1,1,0,1,1,1,0
HLT_Photon55EB_TightID_TightIso_v2,0,1,1,1,1,1,1,1,1,0,1,1,1,0
HLT_Photon75EB_TightID_TightIso_v6,0,1,1,1,1,1,1,1,1,0,1,1,1,0
HLT_Photon90EB_TightID_TightIso_v6,0,1,1,1,1,1,1,1,1,0,1,1,1,0
HLT_Photon110EB_TightID_TightIso_v10,0,1,1,1,1,1,1,1,1,0,1,1,1,0
HLT_Photon110EB_TightID_TightIso_PFJet30_v2,0,1,1,1,1,1,1,1,1,0,1,1,1,0
HLT_Photon110EB_TightID_TightIso_CaloJet30_v1,0,1,1,1,1,1,1,1,1,0,1,1,1,0
HLT_Photon110EB_TightID_TightIso_AK8PFJet30_v1,0,1,1,1,1,1,1,1,1,0,1,1,1,0
HLT_Photon110EB_TightID_TightIso_AK8CaloJet30_v1,0,1,1,1,1,1,1,1,1,0,1,1,1,0
HLT_Photon100EBHE10_v10,0,32,32,32,32,32,32,32,32,0,32,32,1,0
HLT_Photon50_R9Id90_HE10_IsoM_v22,0,256,256,256,256,256,256,256,256,0,256,256,1,0
HLT_Photon75_R9Id90_HE10_IsoM_v22,0,64,64,64,64,64,64,64,64,0,64,64,1,0
HLT_Photon90_R9Id90_HE10_IsoM_v22,0,32,32,32,32,32,32,32,32,0,32,32,1,0
HLT_Photon120_R9Id90_HE10_IsoM_v22,0,8,8,8,8,8,8,8,8,0,8,8,1,0
HLT_Photon165_R9Id90_HE10_IsoM_v23,0,4,4,4,4,4,4,4,4,0,4,4,1,0
HLT_Diphoton30_22_R9Id_OR_IsoCaloId_AND_HE_R9Id_Mass90_v21,0,1,1,1,1,1,1,1,1,0,1,1,1,0
HLT_Diphoton30_22_R9Id_OR_IsoCaloId_AND_HE_R9Id_Mass95_v21,0,1,1,1,1,1,1,1,1,0,1,1,1,0
HLT_Photon35_TwoProngs35_v9,0,1,1,1,1,1,1,1,1,0,1,1,1,0
HLT_IsoMu24_TwoProngs35_v9,0,1,1,1,1,1,1,1,1,1,1,1,1,0
HLT_Dimuon0_Jpsi_L1_NoOS_v15,0,1,1,1,1,1,1,1,1,1,1,1,1,0
HLT_Dimuon0_Jpsi_NoVertexing_NoOS_v15,0,1,1,1,1,1,1,1,1,1,1,1,1,0
HLT_Dimuon0_Jpsi_v16,0,16,16,16,16,16,16,16,16,16,16,16,1,0
HLT_Dimuon0_Jpsi_NoVertexing_v16,0,1,1,1,1,1,1,1,1,1,1,1,1,0
HLT_Dimuon0_Jpsi_L1_4R_0er1p5R_v15,0,300,300,300,300,300,300,300,300,300,300,300,1,0
HLT_Dimuon0_Jpsi_NoVertexing_L1_4R_0er1p5R_v15,0,300,300,300,300,300,300,300,300,300,300,300,1,0
HLT_Dimuon0_Jpsi3p5_Muon2_v13,0,1,1,1,1,1,1,1,1,1,1,1,1,0
HLT_Dimuon0_Upsilon_L1_4p5_v17,0,1,1,1,1,1,1,1,1,1,1,1,1,0
HLT_Dimuon0_Upsilon_L1_4p5er2p0_v17,0,1,1,1,1,1,1,1,1,1,1,1,1,0
HLT_Dimuon0_Upsilon_L1_4p5er2p0M_v15,0,180,180,180,180,180,180,180,180,180,180,180,1,0
HLT_Dimuon0_Upsilon_NoVertexing_v15,0,180,180,180,180,180,180,180,180,180,180,180,1,0
HLT_Dimuon0_LowMass_L1_0er1p5_v16,0,1,1,1,1,1,1,1,1,1,1,1,1,0
HLT_Dimuon0_LowMass_v16,0,3,3,3,3,3,3,3,3,3,3,3,1,0
HLT_Dimuon0_LowMass_L1_4_v16,0,1,1,1,1,1,1,1,1,1,1,1,1,0
HLT_Dimuon0_LowMass_L1_TM530_v14,0,20,20,20,20,20,20,20,20,20,20,20,1,0
HLT_Dimuon0_Upsilon_Muon_NoL1Mass_v14,0,1,1,1,1,1,1,1,1,1,1,1,1,0
HLT_TripleMu_5_3_3_Mass3p8_DZ_v16,0,1,1,1,1,1,1,1,1,1,1,1,1,0
HLT_TripleMu_10_5_5_DZ_v18,0,1,1,1,1,1,1,1,1,1,1,1,1,0
HLT_TripleMu_12_10_5_v18,0,1,1,1,1,1,1,1,1,1,1,1,1,0
HLT_Tau3Mu_Mu7_Mu1_TkMu1_Tau15_v12,0,10,10,10,10,10,10,10,10,10,10,10,1,0
HLT_Tau3Mu_Mu7_Mu1_TkMu1_Tau15_Charge1_v12,0,10,10,10,10,10,10,10,10,10,10,10,1,0
HLT_Tau3Mu_Mu7_Mu1_TkMu1_IsoTau15_v12,0,1,1,1,1,1,1,1,1,1,1,1,1,0
HLT_Tau3Mu_Mu7_Mu1_TkMu1_IsoTau15_Charge1_v12,0,1,1,1,1,1,1,1,1,1,1,1,1,0
HLT_DoubleMu3_DZ_PFMET50_PFMHT60_v18,0,1,1,1,1,1,1,1,1,1,1,1,1,0
HLT_DoubleMu3_DZ_PFMET70_PFMHT70_v18,0,1,1,1,1,1,1,1,1,1,1,1,1,0
HLT_DoubleMu3_DZ_PFMET90_PFMHT90_v18,0,1,1,1,1,1,1,1,1,1,1,1,1,0
HLT_DoubleMu3_Trk_Tau3mu_NoL1Mass_v14,0,1,1,1,1,1,1,1,1,1,1,1,1,0
HLT_DoubleMu4_3_LowMass_SS_v2,0,1,1,1,1,1,1,1,1,1,1,1,1,1
HLT_DoubleMu4_Jpsi_Displaced_v15,0,60,60,60,60,60,60,60,60,60,60,60,1,0
HLT_DoubleMu4_Jpsi_NoVertexing_v15,0,240,240,240,240,240,240,240,240,240,240,240,1,0
HLT_DoubleMu4_JpsiTrkTrk_Displaced_v15,0,1,1,1,1,1,1,1,1,1,1,1,1,0
HLT_DoubleMu4_JpsiTrk_Bc_v8,0,1,1,1,1,1,1,1,1,1,1,1,1,0
HLT_DoubleMu43NoFiltersNoVtx_v12,0,1,1,1,1,1,1,1,1,1,1,1,1,0
HLT_DoubleMu48NoFiltersNoVtx_v12,0,1,1,1,1,1,1,1,1,1,1,1,1,0
HLT_Mu43NoFiltersNoVtx_Photon43_CaloIdL_v13,0,1,1,1,1,1,1,1,1,0,1,1,1,0
HLT_Mu48NoFiltersNoVtx_Photon48_CaloIdL_v13,0,1,1,1,1,1,1,1,1,0,1,1,1,0
HLT_Mu38NoFiltersNoVtxDisplaced_Photon38_CaloIdL_v9,0,1,1,1,1,1,1,1,1,0,1,1,1,0
HLT_Mu43NoFiltersNoVtxDisplaced_Photon43_CaloIdL_v9,0,1,1,1,1,1,1,1,1,0,1,1,1,0
HLT_Ele30_eta2p1_WPTight_Gsf_CentralPFJet35_EleCleaned_v21,0,0,0,0,0,0,0,0,0,0,0,0,0,0
HLT_Ele28_eta2p1_WPTight_Gsf_HT150_v21,0,0,0,0,0,0,0,0,0,0,0,0,0,0
HLT_Ele28_HighEta_SC20_Mass55_v21,0,1,1,1,1,1,1,1,1,0,1,1,1,0
HLT_Ele15_IsoVVVL_PFHT450_PFMET50_v24,0,1,1,1,1,1,1,1,1,0,1,1,1,0
HLT_Ele15_IsoVVVL_PFHT450_v24,0,1,1,1,1,1,1,1,1,0,1,1,1,0
HLT_Ele50_IsoVVVL_PFHT450_v24,0,1,1,1,1,1,1,1,1,0,1,1,1,0
HLT_Ele15_IsoVVVL_PFHT600_v28,0,1,1,1,1,1,1,1,1,0,1,1,1,0
HLT_Mu15_IsoVVVL_PFHT450_PFMET50_v23,0,1,1,1,1,1,1,1,1,0,1,1,1,0
HLT_Mu15_IsoVVVL_PFHT450_v23,0,1,1,1,1,1,1,1,1,0,1,1,1,0
HLT_Mu50_IsoVVVL_PFHT450_v23,0,1,1,1,1,1,1,1,1,0,1,1,1,0
HLT_Mu15_IsoVVVL_PFHT600_v27,0,1,1,1,1,1,1,1,1,0,1,1,1,0
HLT_Mu3er1p5_PFJet100er2p5_PFMET80_PFMHT80_IDTight_v10,0,0,0,0,0,0,0,0,0,0,0,0,0,0
HLT_Mu3er1p5_PFJet100er2p5_PFMET90_PFMHT90_IDTight_v10,0,1,1,1,1,1,1,1,1,0,1,1,1,0
HLT_Mu3er1p5_PFJet100er2p5_PFMET100_PFMHT100_IDTight_v10,0,1,1,1,1,1,1,1,1,0,1,1,1,0
HLT_Mu3er1p5_PFJet100er2p5_PFMETNoMu80_PFMHTNoMu80_IDTight_v10,0,0,0,0,0,0,0,0,0,0,0,0,0,0
HLT_Mu3er1p5_PFJet100er2p5_PFMETNoMu90_PFMHTNoMu90_IDTight_v10,0,0,0,0,0,0,0,0,0,0,0,0,0,0
HLT_Mu3er1p5_PFJet100er2p5_PFMETNoMu100_PFMHTNoMu100_IDTight_v10,0,1,1,1,1,1,1,1,1,0,1,1,1,0
HLT_Dimuon10_Upsilon_y1p4_v9,0,1,1,1,1,1,1,1,1,1,1,1,1,0
HLT_Dimuon12_Upsilon_y1p4_v10,0,1,1,1,1,1,1,1,1,1,1,1,1,0
HLT_Dimuon14_Phi_Barrel_Seagulls_v15,0,1,1,1,1,1,1,1,1,1,1,1,1,0
HLT_Dimuon25_Jpsi_v22,0,1,1,1,1,1,1,1,1,1,1,1,1,0
HLT_Dimuon14_PsiPrime_v21,0,1,1,1,1,1,1,1,1,1,1,1,1,0
HLT_Dimuon14_PsiPrime_noCorrL1_v13,0,1,1,1,1,1,1,1,1,1,1,1,1,0
HLT_Dimuon18_PsiPrime_v22,0,1,1,1,1,1,1,1,1,1,1,1,1,0
HLT_Dimuon18_PsiPrime_noCorrL1_v14,0,1,1,1,1,1,1,1,1,1,1,1,1,0
HLT_Dimuon24_Upsilon_noCorrL1_v14,0,1,1,1,1,1,1,1,1,1,1,1,1,0
HLT_Dimuon24_Phi_noCorrL1_v14,0,1,1,1,1,1,1,1,1,1,1,1,1,0
HLT_Dimuon25_Jpsi_noCorrL1_v14,0,1,1,1,1,1,1,1,1,1,1,1,1,0
HLT_DiMu4_Ele9_CaloIdL_TrackIdL_DZ_Mass3p8_v25,0,1,1,1,1,1,1,1,1,0,1,1,1,0
HLT_DiMu9_Ele9_CaloIdL_TrackIdL_DZ_v25,0,1,1,1,1,1,1,1,1,0,1,1,1,0
HLT_DiMu9_Ele9_CaloIdL_TrackIdL_v25,0,2,2,2,2,2,2,2,2,0,2,2,1,0
HLT_DoubleIsoMu20_eta2p1_v15,0,1,1,1,1,1,1,1,1,1,1,1,1,0
HLT_TrkMu12_DoubleTrkMu5NoFiltersNoVtx_v14,0,1,1,1,1,1,1,1,1,1,1,1,1,0
HLT_Mu8_v20,0,4,4,4,4,4,4,4,4,4,4,4,1,0
HLT_Mu17_v21,0,1,1,1,1,1,1,1,1,1,1,1,1,0
HLT_Mu19_v12,0,1,1,1,1,1,1,1,1,1,1,1,1,0
HLT_Mu17_Photon30_IsoCaloId_v14,0,1,1,1,1,1,1,1,1,0,1,1,1,0
HLT_Ele8_CaloIdL_TrackIdL_IsoVL_PFJet30_v24,0,1,1,1,1,1,1,1,1,0,1,1,1,0
HLT_Ele12_CaloIdL_TrackIdL_IsoVL_PFJet30_v26,0,1,1,1,1,1,1,1,1,0,1,1,1,0
HLT_Ele14_eta2p5_IsoVVVL_Gsf_PFHT200_PNetBTag0p53_v1,0,1,1,1,1,1,1,1,1,0,1,1,1,0
HLT_Ele23_CaloIdL_TrackIdL_IsoVL_PFJet30_v26,0,1,1,1,1,1,1,1,1,0,1,1,1,0
HLT_Ele8_CaloIdM_TrackIdM_PFJet30_v26,0,1,1,1,1,1,1,1,1,0,1,1,1,0
HLT_Ele17_CaloIdM_TrackIdM_PFJet30_v24,0,1,1,1,1,1,1,1,1,0,1,1,1,0
HLT_Ele23_CaloIdM_TrackIdM_PFJet30_v26,0,1,1,1,1,1,1,1,1,0,1,1,1,0
HLT_Ele50_CaloIdVT_GsfTrkIdT_PFJet165_v26,0,1,1,1,1,1,1,1,1,0,1,1,1,0
HLT_Ele115_CaloIdVT_GsfTrkIdT_v23,0,1,1,1,1,1,1,1,1,0,1,1,1,0
HLT_Ele135_CaloIdVT_GsfTrkIdT_v16,0,1,1,1,1,1,1,1,1,0,1,1,1,0
HLT_PFHT330PT30_QuadPFJet_75_60_45_40_v17,0,128,128,128,128,128,128,128,128,0,128,128,1,0
HLT_PFHT400_SixPFJet32_v17,0,65,65,65,65,65,65,65,65,0,65,65,1,0
HLT_PFHT400_SixPFJet32_PNet2BTagMean0p50_v5,0,1,1,1,1,1,1,1,1,0,1,1,1,0
HLT_PFHT450_SixPFJet36_v16,0,25,25,25,25,25,25,25,25,0,25,25,1,0
HLT_PFHT450_SixPFJet36_PNetBTag0p35_v5,0,1,1,1,1,1,1,1,1,0,1,1,1,0
HLT_PFHT400_FivePFJet_120_120_60_30_30_v2,0,40,40,40,40,40,40,40,40,0,40,40,1,1
HLT_PFHT350_v27,0,256,256,256,256,256,256,256,256,0,256,256,1,0
HLT_Photon60_R9Id90_CaloIdL_IsoL_DisplacedIdL_PFHT350_v6,0,1,1,1,1,1,1,1,1,0,1,1,1,0
HLT_Photon60_R9Id90_CaloIdL_IsoL_DisplacedIdL_PFHT380_v6,0,1,1,1,1,1,1,1,1,0,1,1,1,0
HLT_Photon60_R9Id90_CaloIdL_IsoL_DisplacedIdL_PFHT400_v6,0,1,1,1,1,1,1,1,1,0,1,1,1,0
HLT_ECALHT800_v18,0,1,1,1,1,1,1,1,1,0,1,1,1,0
HLT_DiSC30_18_EIso_AND_HE_Mass70_v22,0,256,256,256,256,256,256,256,256,0,256,256,1,0
HLT_Photon20_HoverELoose_v18,0,2,2,2,2,2,2,2,2,0,2,2,1,0
HLT_Photon30_HoverELoose_v18,0,1,1,1,1,1,1,1,1,0,1,1,1,0
HLT_L1_CDC_SingleMu_3_er1p2_TOP120_DPHI2p618_3p142_v7,0,30,30,30,30,30,30,30,30,30,30,30,0,0
HLT_CDC_L2cosmic_10_er1p0_v8,0,1,1,1,1,1,1,1,1,1,1,1,0,1
HLT_CDC_L2cosmic_5p5_er1p0_v8,0,3,3,3,3,3,3,3,3,3,3,3,0,1
HLT_Ele16_Ele12_Ele8_CaloIdL_TrackIdL_v17,0,1,1,1,1,1,1,1,1,0,1,1,1,0
HLT_VBF_DoubleMediumDeepTauPFTauHPS20_eta2p1_v9,0,1,1,1,1,1,1,1,1,0,1,1,1,0
HLT_Photon60_R9Id90_HE10_IsoM_EBOnly_PFJetsMJJ300DEta3_v5,0,1,1,1,1,1,1,1,1,0,1,1,1,0
HLT_Photon75_R9Id90_HE10_IsoM_EBOnly_PFJetsMJJ300DEta3_v13,0,1,1,1,1,1,1,1,1,0,1,1,1,0
HLT_Mu18_Mu9_SameSign_v12,0,1,1,1,1,1,1,1,1,1,1,1,1,0
HLT_DoubleMu2_Jpsi_DoubleTrk1_Phi1p05_v14,0,1,1,1,1,1,1,1,1,1,1,1,1,0
HLT_DoubleMu3_DCA_PFMET50_PFMHT60_v18,0,1,1,1,1,1,1,1,1,0,1,1,1,0
HLT_DoubleMu3_DCA_PFMET50_PFMHT60_Mass2p0_v2,0,32,32,32,32,32,32,32,32,0,32,32,0,0
HLT_DoubleMu3_DCA_PFMET50_PFMHT60_Mass2p0_noDCA_v2,0,32,32,32,32,32,32,32,32,0,32,32,0,0
HLT_TripleMu_5_3_3_Mass3p8_DCA_v11,0,1,1,1,1,1,1,1,1,1,1,1,1,0
HLT_QuadPFJet103_88_75_15_v13,0,256,256,256,256,256,256,256,256,0,256,256,1,0
HLT_QuadPFJet105_88_76_15_v13,0,512,512,512,512,512,512,512,512,0,512,512,1,0
HLT_QuadPFJet111_90_80_15_v13,0,512,512,512,512,512,512,512,512,0,512,512,1,0
HLT_Diphoton30_18_R9IdL_AND_HE_AND_IsoCaloId_v9,0,1,1,1,1,1,1,1,1,0,1,1,1,0
HLT_Diphoton30_18_R9IdL_AND_HE_AND_IsoCaloId_Mass55_v9,0,1,1,1,1,1,1,1,1,0,1,1,1,0
HLT_DoubleMediumDeepTauPFTauHPS35_L2NN_eta2p1_v8,0,1,1,1,1,1,1,1,1,0,1,1,1,0
HLT_Ele24_eta2p1_WPTight_Gsf_LooseDeepTauPFTauHPS30_eta2p1_CrossL1_v9,0,1,1,1,1,1,1,1,1,0,1,1,1,0
HLT_Ele24_eta2p1_WPTight_Gsf_PNetTauhPFJet30_Tight_eta2p3_CrossL1_v2,0,1,1,1,1,1,1,1,1,0,1,1,1,0
HLT_Ele24_eta2p1_WPTight_Gsf_PNetTauhPFJet30_Medium_eta2p3_CrossL1_v2,0,1,1,1,1,1,1,1,1,0,1,1,1,0
HLT_Ele24_eta2p1_WPTight_Gsf_PNetTauhPFJet30_Loose_eta2p3_CrossL1_v2,0,1,1,1,1,1,1,1,1,0,1,1,1,0
HLT_IsoMu20_eta2p1_LooseDeepTauPFTauHPS27_eta2p1_CrossL1_v9,0,1,1,1,1,1,1,1,1,0,1,1,1,0
HLT_IsoMu24_eta2p1_LooseDeepTauPFTauHPS180_eta2p1_v9,0,1,1,1,1,1,1,1,1,0,1,1,1,0
HLT_IsoMu24_eta2p1_LooseDeepTauPFTauHPS30_eta2p1_CrossL1_v9,0,1,1,1,1,1,1,1,1,0,1,1,1,0
HLT_IsoMu24_eta2p1_MediumDeepTauPFTauHPS35_L2NN_eta2p1_CrossL1_v9,0,1,1,1,1,1,1,1,1,0,1,1,1,0
HLT_LooseDeepTauPFTauHPS180_L2NN_eta2p1_v9,0,1,1,1,1,1,1,1,1,0,1,1,1,0
HLT_PFHT330PT30_QuadPFJet_75_60_45_40_TriplePFBTagDeepJet_4p5_v9,0,0,0,0,0,0,0,0,0,0,0,0,0,0
HLT_PFHT400_FivePFJet_120_120_60_30_30_PNet2BTag_5p6_v2,0,1,1,1,1,1,1,1,1,0,1,1,1,1
HLT_PFHT400_FivePFJet_120_120_60_30_30_PNet2BTag_4p3_v2,0,1,1,1,1,1,1,1,1,0,1,1,1,1
HLT_QuadPFJet103_88_75_15_PNetBTag_0p4_VBF2_v2,0,1,1,1,1,1,1,1,1,0,1,1,1,0
HLT_QuadPFJet103_88_75_15_PNet2BTag_0p4_0p12_VBF1_v2,0,1,1,1,1,1,1,1,1,0,1,1,1,0
HLT_QuadPFJet105_88_76_15_PNetBTag_0p4_VBF2_v2,0,1,1,1,1,1,1,1,1,0,1,1,1,0
HLT_QuadPFJet105_88_76_15_PNet2BTag_0p4_0p12_VBF1_v2,0,1,1,1,1,1,1,1,1,0,1,1,1,0
HLT_QuadPFJet111_90_80_15_PNetBTag_0p4_VBF2_v2,0,1,1,1,1,1,1,1,1,0,1,1,1,0
HLT_QuadPFJet111_90_80_15_PNet2BTag_0p4_0p12_VBF1_v2,0,1,1,1,1,1,1,1,1,0,1,1,1,0
HLT_Mu8_TrkIsoVVL_Ele23_CaloIdL_TrackIdL_IsoVL_DZ_PFDiJet30_PFBtagDeepJet_1p5_v9,0,0,0,0,0,0,0,0,0,0,0,0,0,0
HLT_PFHT250_QuadPFJet25_v2,0,100,100,100,100,100,100,100,100,0,100,100,100,0
HLT_PFHT250_QuadPFJet25_PNet2BTagMean0p55_v2,0,1,1,1,1,1,1,1,1,0,1,1,1,0
HLT_PFHT250_QuadPFJet25_PNet1BTag0p20_PNet1Tauh0p50_v2,0,1,1,1,1,1,1,1,1,0,1,1,1,0
HLT_PFHT250_QuadPFJet30_PNet2BTagMean0p55_v2,0,1,1,1,1,1,1,1,1,0,1,1,1,0
HLT_PFHT250_QuadPFJet30_PNet1BTag0p20_PNet1Tauh0p50_v2,0,1,1,1,1,1,1,1,1,0,1,1,1,0
HLT_PFHT280_QuadPFJet30_PNet1BTag0p20_PNet1Tauh0p50_v2,0,1,1,1,1,1,1,1,1,0,1,1,1,0
HLT_PFHT280_QuadPFJet30_v5,0,100,100,100,100,100,100,100,100,0,100,100,1,0
HLT_PFHT280_QuadPFJet30_PNet2BTagMean0p55_v5,0,1,1,1,1,1,1,1,1,0,1,1,1,0
HLT_PFHT280_QuadPFJet30_PNet2BTagMean0p60_v5,0,1,1,1,1,1,1,1,1,0,1,1,1,0
HLT_PFHT280_QuadPFJet35_PNet2BTagMean0p60_v5,0,1,1,1,1,1,1,1,1,0,1,1,1,0
HLT_PFHT340_QuadPFJet70_50_40_40_PNet2BTagMean0p70_v6,0,1,1,1,1,1,1,1,1,0,1,1,1,0
HLT_Mu8_TrkIsoVVL_Ele23_CaloIdL_TrackIdL_IsoVL_DZ_PFHT280_v5,0,1,1,1,1,1,1,1,1,0,1,1,1,0
HLT_Mu8_TrkIsoVVL_Ele23_CaloIdL_TrackIdL_IsoVL_DZ_PFHT280_QuadPFJet30_v5,0,1,1,1,1,1,1,1,1,0,1,1,1,0
HLT_Mu8_TrkIsoVVL_Ele23_CaloIdL_TrackIdL_IsoVL_DZ_PFHT280_QuadPFJet30_PNet2BTagMean0p55_v5,0,1,1,1,1,1,1,1,1,0,1,1,1,0
HLT_Mu8_TrkIsoVVL_Ele23_CaloIdL_TrackIdL_IsoVL_DZ_PFDiJet30_PNet2BTagMean0p50_v5,0,1,1,1,1,1,1,1,1,0,1,1,1,0
HLT_QuadPFJet100_88_70_30_v6,0,256,256,256,256,256,256,256,256,0,256,256,1,0
HLT_QuadPFJet105_88_75_30_v5,0,256,256,256,256,256,256,256,256,0,256,256,1,0
HLT_QuadPFJet111_90_80_30_v5,0,256,256,256,256,256,256,256,256,0,256,256,1,0
HLT_QuadPFJet100_88_70_30_PNet1CvsAll0p5_VBF3Tight_v6,0,1,1,1,1,1,1,1,1,0,1,1,1,0
HLT_QuadPFJet105_88_75_30_PNet1CvsAll0p5_VBF3Tight_v6,0,1,1,1,1,1,1,1,1,0,1,1,1,0
HLT_QuadPFJet111_90_80_30_PNet1CvsAll0p6_VBF3Tight_v6,0,1,1,1,1,1,1,1,1,0,1,1,1,0
HLT_AK8PFJet220_SoftDropMass40_v9,0,120,120,120,120,120,120,120,120,0,120,120,1,0
HLT_AK8PFJet220_SoftDropMass40_PNetBB0p06_DoubleAK4PFJet60_30_PNet2BTagMean0p50_v5,0,1,1,1,1,1,1,1,1,0,1,1,1,0
HLT_AK8PFJet220_SoftDropMass40_PNetBB0p06_DoubleAK4PFJet60_30_PNet2BTagMean0p53_v5,0,1,1,1,1,1,1,1,1,0,1,1,1,0
HLT_AK8PFJet220_SoftDropMass40_PNetBB0p06_DoubleAK4PFJet60_30_PNet2BTagMean0p55_v5,0,1,1,1,1,1,1,1,1,0,1,1,1,0
HLT_AK8PFJet220_SoftDropMass40_PNetBB0p06_DoubleAK4PFJet60_30_PNet2BTagMean0p60_v5,0,1,1,1,1,1,1,1,1,0,1,1,1,0
HLT_AK8PFJet230_SoftDropMass40_v9,0,100,100,100,100,100,100,100,100,0,100,100,1,0
HLT_AK8PFJet230_SoftDropMass40_PNetBB0p06_v5,0,1,1,1,1,1,1,1,1,0,1,1,1,0
HLT_AK8PFJet230_SoftDropMass40_PNetBB0p10_v5,0,1,1,1,1,1,1,1,1,0,1,1,1,0
HLT_AK8PFJet230_SoftDropMass40_PNetTauTau0p03_v5,0,1,1,1,1,1,1,1,1,0,1,1,1,0
HLT_AK8PFJet230_SoftDropMass40_PNetTauTau0p05_v5,0,1,1,1,1,1,1,1,1,0,1,1,1,0
HLT_AK8PFJet250_SoftDropMass40_PNetBB0p06_v5,0,1,1,1,1,1,1,1,1,0,1,1,1,0
HLT_AK8PFJet250_SoftDropMass40_PNetBB0p10_v5,0,1,1,1,1,1,1,1,1,0,1,1,1,0
HLT_AK8PFJet250_SoftDropMass40_PNetTauTau0p03_v5,0,1,1,1,1,1,1,1,1,0,1,1,1,0
HLT_AK8PFJet250_SoftDropMass40_PNetTauTau0p05_v5,0,1,1,1,1,1,1,1,1,0,1,1,1,0
HLT_AK8PFJet275_SoftDropMass40_PNetBB0p06_v5,0,1,1,1,1,1,1,1,1,0,1,1,1,0
HLT_AK8PFJet275_SoftDropMass40_PNetBB0p10_v5,0,1,1,1,1,1,1,1,1,0,1,1,1,0
HLT_AK8PFJet275_SoftDropMass40_PNetTauTau0p03_v5,0,1,1,1,1,1,1,1,1,0,1,1,1,0
HLT_AK8PFJet275_SoftDropMass40_PNetTauTau0p05_v5,0,1,1,1,1,1,1,1,1,0,1,1,1,0
HLT_AK8PFJet275_Nch45_v2,0,1,1,1,1,1,1,1,1,0,1,1,1,0
HLT_AK8PFJet275_Nch40_v2,0,1,1,1,1,1,1,1,1,0,1,1,1,0
HLT_IsoMu50_AK8PFJet220_SoftDropMass40_v8,0,1,1,1,1,1,1,1,1,0,1,1,1,0
HLT_IsoMu50_AK8PFJet220_SoftDropMass40_PNetBB0p06_v5,0,1,1,1,1,1,1,1,1,0,1,1,1,0
HLT_IsoMu50_AK8PFJet230_SoftDropMass40_v8,0,1,1,1,1,1,1,1,1,0,1,1,1,0
HLT_IsoMu50_AK8PFJet230_SoftDropMass40_PNetBB0p06_v5,0,1,1,1,1,1,1,1,1,0,1,1,1,0
HLT_IsoMu50_AK8PFJet230_SoftDropMass40_PNetBB0p10_v5,0,1,1,1,1,1,1,1,1,0,1,1,1,0
HLT_Ele50_CaloIdVT_GsfTrkIdT_AK8PFJet220_SoftDropMass40_v8,0,1,1,1,1,1,1,1,1,0,1,1,1,0
HLT_Ele50_CaloIdVT_GsfTrkIdT_AK8PFJet220_SoftDropMass40_PNetBB0p06_v5,0,1,1,1,1,1,1,1,1,0,1,1,1,0
HLT_Ele50_CaloIdVT_GsfTrkIdT_AK8PFJet230_SoftDropMass40_v8,0,1,1,1,1,1,1,1,1,0,1,1,1,0
HLT_Ele50_CaloIdVT_GsfTrkIdT_AK8PFJet230_SoftDropMass40_PNetBB0p06_v5,0,1,1,1,1,1,1,1,1,0,1,1,1,0
HLT_Ele50_CaloIdVT_GsfTrkIdT_AK8PFJet230_SoftDropMass40_PNetBB0p10_v5,0,1,1,1,1,1,1,1,1,0,1,1,1,0
HLT_Mu8_TrkIsoVVL_Ele23_CaloIdL_TrackIdL_IsoVL_DZ_DoubleAK4PFJet60_30_v6,0,1,1,1,1,1,1,1,1,0,1,1,1,0
HLT_Mu8_TrkIsoVVL_Ele23_CaloIdL_TrackIdL_IsoVL_DZ_DoubleAK4PFJet60_30_PNet2BTagMean0p50_v6,0,1,1,1,1,1,1,1,1,0,1,1,1,0
HLT_Mu8_TrkIsoVVL_Ele23_CaloIdL_TrackIdL_IsoVL_DZ_PFHT250_v2,0,1,1,1,1,1,1,1,1,0,1,1,1,0
HLT_Mu8_TrkIsoVVL_Ele23_CaloIdL_TrackIdL_IsoVL_DZ_PFHT250_QuadPFJet25_v2,0,1,1,1,1,1,1,1,1,0,1,1,1,0
HLT_Mu8_TrkIsoVVL_Ele23_CaloIdL_TrackIdL_IsoVL_DZ_PFHT250_QuadPFJet25_PNet2BTagMean0p55_v2,0,1,1,1,1,1,1,1,1,0,1,1,1,0
HLT_Mu8_TrkIsoVVL_Ele23_CaloIdL_TrackIdL_IsoVL_DZ_PFHT250_QuadPFJet25_PNet1BTag0p20_v2,0,1,1,1,1,1,1,1,1,0,1,1,1,0
HLT_DoubleMediumDeepTauPFTauHPS30_L2NN_eta2p1_PFJet60_v8,0,1,1,1,1,1,1,1,1,0,1,1,1,0
HLT_DoubleMediumDeepTauPFTauHPS30_L2NN_eta2p1_PFJet75_v8,0,1,1,1,1,1,1,1,1,0,1,1,1,0
HLT_IsoMu24_eta2p1_MediumDeepTauPFTauHPS30_L2NN_eta2p1_CrossL1_v8,0,1,1,1,1,1,1,1,1,0,1,1,1,0
HLT_IsoMu24_eta2p1_MediumDeepTauPFTauHPS30_L2NN_eta2p1_PFJet60_CrossL1_v8,0,1,1,1,1,1,1,1,1,0,1,1,1,0
HLT_IsoMu24_eta2p1_MediumDeepTauPFTauHPS30_L2NN_eta2p1_PFJet75_CrossL1_v8,0,1,1,1,1,1,1,1,1,0,1,1,1,0
HLT_IsoMu24_eta2p1_MediumDeepTauPFTauHPS20_eta2p1_SingleL1_v8,0,1,1,1,1,1,1,1,1,0,1,1,1,0
HLT_IsoMu24_eta2p1_MediumDeepTauPFTauHPS45_L2NN_eta2p1_CrossL1_v8,0,1,1,1,1,1,1,1,1,0,1,1,1,0
HLT_IsoMu24_eta2p1_PNetTauhPFJet30_Medium_L2NN_eta2p3_CrossL1_v2,0,1,1,1,1,1,1,1,1,0,1,1,0,1
HLT_IsoMu24_eta2p1_PNetTauhPFJet30_Tight_L2NN_eta2p3_CrossL1_v2,0,1,1,1,1,1,1,1,1,0,1,1,0,1
HLT_IsoMu24_eta2p1_PNetTauhPFJet26_L2NN_eta2p3_CrossL1_v2,0,1,1,1,1,1,1,1,1,0,1,1,0,1
HLT_IsoMu24_eta2p1_PNetTauhPFJet26_L2NN_eta2p3_CrossL1_PFJet60_v2,0,1,1,1,1,1,1,1,1,0,1,1,0,1
HLT_IsoMu24_eta2p1_PNetTauhPFJet26_L2NN_eta2p3_CrossL1_PFJet75_v2,0,1,1,1,1,1,1,1,1,0,1,1,0,1
HLT_IsoMu24_eta2p1_PNetTauhPFJet30_Tight_eta2p3_CrossL1_ETau_Monitoring_v2,0,1,1,1,1,1,1,1,1,0,1,1,0,1
HLT_IsoMu24_eta2p1_PNetTauhPFJet30_Medium_eta2p3_CrossL1_ETau_Monitoring_v2,0,1,1,1,1,1,1,1,1,0,1,1,0,1
HLT_IsoMu24_eta2p1_PNetTauhPFJet30_Loose_eta2p3_CrossL1_ETau_Monitoring_v2,0,1,1,1,1,1,1,1,1,0,1,1,0,1
HLT_IsoMu20_eta2p1_PNetTauhPFJet27_Tight_eta2p3_CrossL1_v2,0,1,1,1,1,1,1,1,1,0,1,1,0,1
HLT_IsoMu20_eta2p1_PNetTauhPFJet27_Medium_eta2p3_CrossL1_v2,0,1,1,1,1,1,1,1,1,0,1,1,0,1
HLT_IsoMu20_eta2p1_PNetTauhPFJet27_Loose_eta2p3_CrossL1_v2,0,1,1,1,1,1,1,1,1,0,1,1,0,1
HLT_IsoMu24_eta2p1_PNetTauhPFJet20_eta2p2_SingleL1_v2,0,1,1,1,1,1,1,1,1,0,1,1,0,1
HLT_IsoMu24_eta2p1_PNetTauhPFJet45_L2NN_eta2p3_CrossL1_v2,0,1,1,1,1,1,1,1,1,0,1,1,0,1
HLT_IsoMu24_eta2p1_PFHT250_v2,0,1,1,1,1,1,1,1,1,0,1,1,1,0
HLT_IsoMu24_eta2p1_PFHT250_QuadPFJet25_v2,0,1,1,1,1,1,1,1,1,0,1,1,1,0
HLT_IsoMu24_eta2p1_PFHT250_QuadPFJet25_PNet1Tauh0p50_v2,0,1,1,1,1,1,1,1,1,0,1,1,1,0
HLT_IsoMu24_eta2p1_SinglePFJet25_PNet1Tauh0p50_v2,0,1,1,1,1,1,1,1,1,0,1,1,1,0
HLT_DoublePNetTauhPFJet30_Medium_L2NN_eta2p3_v2,0,1,1,1,1,1,1,1,1,0,1,1,0,1
HLT_DoublePNetTauhPFJet30_Tight_L2NN_eta2p3_v2,0,1,1,1,1,1,1,1,1,0,1,1,0,1
HLT_DoublePNetTauhPFJet26_L2NN_eta2p3_PFJet60_v2,0,1,1,1,1,1,1,1,1,0,1,1,0,1
HLT_DoublePNetTauhPFJet26_L2NN_eta2p3_PFJet75_v2,0,1,1,1,1,1,1,1,1,0,1,1,0,1
HLT_IsoMu24_eta2p1_PNetTauhPFJet130_Loose_L2NN_eta2p3_CrossL1_v2,0,1,1,1,1,1,1,1,1,0,1,1,1,1
HLT_IsoMu24_eta2p1_PNetTauhPFJet130_Medium_L2NN_eta2p3_CrossL1_v2,0,1,1,1,1,1,1,1,1,0,1,1,1,1
HLT_IsoMu24_eta2p1_PNetTauhPFJet130_Tight_L2NN_eta2p3_CrossL1_v2,0,1,1,1,1,1,1,1,1,0,1,1,1,1
HLT_SinglePNetTauhPFJet130_Loose_L2NN_eta2p3_v2,0,1,1,1,1,1,1,1,1,0,1,1,1,1
HLT_SinglePNetTauhPFJet130_Medium_L2NN_eta2p3_v2,0,1,1,1,1,1,1,1,1,0,1,1,1,1
HLT_SinglePNetTauhPFJet130_Tight_L2NN_eta2p3_v2,0,1,1,1,1,1,1,1,1,0,1,1,1,1
HLT_DoubleL2Mu10NoVtx_2Cha_VetoL3Mu0DxyMax1cm_v9,0,1,1,1,1,1,1,1,1,1,1,1,1,0
HLT_DoubleL2Mu12NoVtx_2Cha_VetoL3Mu0DxyMax1cm_v8,0,1,1,1,1,1,1,1,1,1,1,1,1,0
HLT_DoubleL2Mu14NoVtx_2Cha_VetoL3Mu0DxyMax1cm_v8,0,1,1,1,1,1,1,1,1,1,1,1,1,0
HLT_DoubleL3Mu16_10NoVtx_DxyMin0p01cm_v9,0,1,1,1,1,1,1,1,1,1,1,1,1,0
HLT_DoubleL3Mu18_10NoVtx_DxyMin0p01cm_v8,0,1,1,1,1,1,1,1,1,1,1,1,1,0
HLT_DoubleL3Mu20_10NoVtx_DxyMin0p01cm_v8,0,1,1,1,1,1,1,1,1,1,1,1,1,0
HLT_L2Mu10NoVtx_2Cha_v7,0,1,1,1,1,1,1,1,1,1,1,1,1,0
HLT_L2Mu10NoVtx_2Cha_VetoL3Mu0DxyMax1cm_v8,0,1,1,1,1,1,1,1,1,1,1,1,1,0
HLT_L3Mu10NoVtx_v8,0,1,1,1,1,1,1,1,1,1,1,1,1,0
HLT_L3Mu10NoVtx_DxyMin0p01cm_v8,0,1,1,1,1,1,1,1,1,1,1,1,1,0
HLT_DoubleL2Mu_L3Mu16NoVtx_VetoL3Mu0DxyMax0p1cm_v8,0,1,1,1,1,1,1,1,1,1,1,1,1,0
HLT_DoubleL2Mu_L3Mu18NoVtx_VetoL3Mu0DxyMax0p1cm_v8,0,1,1,1,1,1,1,1,1,1,1,1,1,0
HLT_DoubleL2Mu10NoVtx_2Cha_CosmicSeed_VetoL3Mu0DxyMax1cm_v8,0,1,1,1,1,1,1,1,1,1,1,1,1,0
HLT_DoubleL2Mu12NoVtx_2Cha_CosmicSeed_VetoL3Mu0DxyMax1cm_v8,0,1,1,1,1,1,1,1,1,1,1,1,1,0
HLT_L2Mu10NoVtx_2Cha_CosmicSeed_v7,0,1,1,1,1,1,1,1,1,1,1,1,1,0
HLT_L2Mu10NoVtx_2Cha_CosmicSeed_VetoL3Mu0DxyMax1cm_v8,0,1,1,1,1,1,1,1,1,1,1,1,1,0
HLT_DoubleL3dTksMu16_10NoVtx_DxyMin0p01cm_v8,0,1,1,1,1,1,1,1,1,1,1,1,1,0
HLT_L2Mu50NoVtx_3Cha_CosmicSeed_VetoL3Mu0DxyMax1cm_v1,0,1,1,1,1,1,1,1,1,1,1,1,1,0
HLT_L2Mu50NoVtx_3Cha_VetoL3Mu0DxyMax1cm_v1,0,1,1,1,1,1,1,1,1,1,1,1,1,0
HLT_L3Mu30NoVtx_DxyMin0p01cm_v1,0,1,1,1,1,1,1,1,1,1,1,1,1,0
HLT_L3Mu50NoVtx_DxyMin0p01cm_v1,0,1,1,1,1,1,1,1,1,1,1,1,1,0
HLT_L3dTksMu10_NoVtx_DxyMin0p01cm_v8,0,1000,1000,1000,1000,1000,1000,1000,1000,1000,1000,1000,1,0
HLT_Mu20NoFiltersNoVtxDisplaced_Photon20_CaloCustomId_v9,0,1,1,1,1,1,1,1,1,0,1,1,1,0
HLT_DisplacedMu24_MediumChargedIsoDisplacedPFTauHPS24_v4,0,1,1,1,1,1,1,1,1,0,1,1,1,0
HLT_Photon34_R9Id90_CaloIdL_IsoL_DisplacedIdL_MediumChargedIsoDisplacedPFTauHPS34_v4,0,1,1,1,1,1,1,1,1,0,1,1,1,0
HLT_DoubleMediumChargedIsoDisplacedPFTauHPS32_Trk1_eta2p1_v9,0,1,1,1,1,1,1,1,1,0,1,1,1,0
HLT_DoubleMediumChargedIsoDisplacedPFTauHPS36_Trk1_eta2p1_v4,0,1,1,1,1,1,1,1,1,0,1,1,1,0
HLT_DoubleMediumChargedIsoDisplacedPFTauHPS32_Trk1_eta2p1_noDxy_v4,0,25,25,25,25,25,25,25,25,0,25,25,25,0
HLT_IsoMu27_MediumChargedIsoDisplacedPFTauHPS24_eta2p1_SingleL1_v4,0,1,1,1,1,1,1,1,1,0,1,1,1,0
HLT_HT350_DelayedJet40_SingleDelay1p5To3p5nsInclusive_v5,0,0,0,0,0,0,0,0,0,0,0,0,0,0
HLT_HT350_DelayedJet40_SingleDelay1p6To3p5nsInclusive_v5,0,0,0,0,0,0,0,0,0,0,0,0,0,0
HLT_HT350_DelayedJet40_SingleDelay1p75To3p5nsInclusive_v5,0,1,1,1,1,1,1,1,1,0,1,0,1,0
HLT_HT350_DelayedJet40_SingleDelay3nsInclusive_v5,0,1,1,1,1,1,1,1,1,0,1,0,1,0
HLT_HT350_DelayedJet40_SingleDelay3p25nsInclusive_v5,0,1,1,1,1,1,1,1,1,0,1,0,1,0
HLT_HT350_DelayedJet40_SingleDelay3p5nsInclusive_v5,0,1,1,1,1,1,1,1,1,0,1,0,1,0
HLT_HT430_DelayedJet40_SingleDelay0p5nsInclusive_v7,0,2500,2500,2500,2500,2500,2500,2500,2500,0,2500,2500,1,0
HLT_HT430_DelayedJet40_SingleDelay1nsInclusive_v7,0,500,500,500,500,500,500,500,500,0,500,500,1,0
HLT_HT430_DelayedJet40_SingleDelay1To1p5nsInclusive_v5,0,0,0,0,0,0,0,0,0,0,0,0,0,0
HLT_HT430_DelayedJet40_SingleDelay1p1To1p6nsInclusive_v5,0,0,0,0,0,0,0,0,0,0,0,0,0,0
HLT_HT430_DelayedJet40_SingleDelay1p25To1p75nsInclusive_v5,0,1,1,1,1,1,1,1,1,0,1,0,1,0
HLT_HT430_DelayedJet40_SingleDelay1p5nsInclusive_v7,0,100,100,100,100,100,100,100,100,0,100,100,1,0
HLT_HT430_DelayedJet40_SingleDelay2nsInclusive_v9,0,1,1,1,1,1,1,1,1,0,1,0,1,0
HLT_HT430_DelayedJet40_SingleDelay2p25nsInclusive_v5,0,1,1,1,1,1,1,1,1,0,1,0,1,0
HLT_HT430_DelayedJet40_SingleDelay2p5nsInclusive_v5,0,1,1,1,1,1,1,1,1,0,1,0,1,0
HLT_HT430_DelayedJet40_SingleDelay0p5nsTrackless_v7,0,100,100,100,100,100,100,100,100,0,100,100,1,0
HLT_HT430_DelayedJet40_SingleDelay1nsTrackless_v9,0,1,1,1,1,1,1,1,1,0,1,0,1,0
HLT_HT430_DelayedJet40_SingleDelay1p25nsTrackless_v5,0,1,1,1,1,1,1,1,1,0,1,0,1,0
HLT_HT430_DelayedJet40_SingleDelay1p5nsTrackless_v5,0,1,1,1,1,1,1,1,1,0,1,0,1,0
HLT_HT430_DelayedJet40_DoubleDelay0p5nsInclusive_v8,0,500,500,500,500,500,500,500,500,0,500,500,1,0
HLT_HT430_DelayedJet40_DoubleDelay1nsInclusive_v9,0,50,50,50,50,50,50,50,50,0,50,50,1,0
HLT_HT430_DelayedJet40_DoubleDelay1p25nsInclusive_v5,0,1,1,1,1,1,1,1,1,0,1,0,1,0
HLT_HT430_DelayedJet40_DoubleDelay1p5nsInclusive_v5,0,1,1,1,1,1,1,1,1,0,1,0,1,0
HLT_HT430_DelayedJet40_DoubleDelay0p5nsTrackless_v9,0,1,1,1,1,1,1,1,1,0,1,0,1,0
HLT_HT430_DelayedJet40_DoubleDelay0p75nsTrackless_v5,0,1,1,1,1,1,1,1,1,0,1,0,1,0
HLT_HT430_DelayedJet40_DoubleDelay1nsTrackless_v5,0,1,1,1,1,1,1,1,1,0,1,0,1,0
HLT_L1Tau_DelayedJet40_SingleDelay2p5To4nsInclusive_v5,0,0,0,0,0,0,0,0,0,0,0,0,0,0
HLT_L1Tau_DelayedJet40_SingleDelay2p6To4nsInclusive_v5,0,0,0,0,0,0,0,0,0,0,0,0,0,0
HLT_L1Tau_DelayedJet40_SingleDelay2p75To4nsInclusive_v5,0,1,1,1,1,1,1,1,1,0,1,0,1,0
HLT_L1Tau_DelayedJet40_SingleDelay3p5nsInclusive_v7,0,1,1,1,1,1,1,1,1,0,1,0,1,0
HLT_L1Tau_DelayedJet40_SingleDelay3p75nsInclusive_v5,0,1,1,1,1,1,1,1,1,0,1,0,1,0
HLT_L1Tau_DelayedJet40_SingleDelay4nsInclusive_v5,0,1,1,1,1,1,1,1,1,0,1,0,1,0
HLT_L1Tau_DelayedJet40_SingleDelay2p5nsTrackless_v7,0,1,1,1,1,1,1,1,1,0,1,0,1,0
HLT_L1Tau_DelayedJet40_SingleDelay2p75nsTrackless_v5,0,1,1,1,1,1,1,1,1,0,1,0,1,0
HLT_L1Tau_DelayedJet40_SingleDelay3nsTrackless_v5,0,1,1,1,1,1,1,1,1,0,1,0,1,0
HLT_L1Tau_DelayedJet40_DoubleDelay0p75nsInclusive_v7,0,1000,1000,1000,1000,1000,1000,1000,1000,0,1000,1000,1,0
HLT_L1Tau_DelayedJet40_DoubleDelay1p25nsInclusive_v7,0,50,50,50,50,50,50,50,50,0,50,50,1,0
HLT_L1Tau_DelayedJet40_DoubleDelay1p5nsInclusive_v5,0,1,1,1,1,1,1,1,1,0,1,0,1,0
HLT_L1Tau_DelayedJet40_DoubleDelay1p75nsInclusive_v5,0,1,1,1,1,1,1,1,1,0,1,0,1,0
HLT_L1Tau_DelayedJet40_DoubleDelay0p5nsTrackless_v7,0,500,500,500,500,500,500,500,500,0,500,500,1,0
HLT_L1Tau_DelayedJet40_DoubleDelay1nsTrackless_v7,0,50,50,50,50,50,50,50,50,0,50,50,1,0
HLT_L1Tau_DelayedJet40_DoubleDelay1p25nsTrackless_v5,0,1,1,1,1,1,1,1,1,0,1,0,1,0
HLT_L1Tau_DelayedJet40_DoubleDelay1p5nsTrackless_v5,0,1,1,1,1,1,1,1,1,0,1,0,1,0
HLT_L1Mu6HT240_v7,0,1000,1000,1000,1000,1000,1000,1000,1000,0,1000,1000,1,0
HLT_Mu6HT240_DisplacedDijet30_Inclusive1PtrkShortSig5_DisplacedLoose_v9,0,1,1,1,1,1,1,1,1,0,1,1,1,0
HLT_Mu6HT240_DisplacedDijet35_Inclusive0PtrkShortSig5_v9,0,1,1,1,1,1,1,1,1,0,1,1,1,0
HLT_Mu6HT240_DisplacedDijet35_Inclusive1PtrkShortSig5_DisplacedLoose_v9,0,1,1,1,1,1,1,1,1,0,1,1,1,0
HLT_Mu6HT240_DisplacedDijet40_Inclusive0PtrkShortSig5_v9,0,1,1,1,1,1,1,1,1,0,1,1,1,0
HLT_Mu6HT240_DisplacedDijet40_Inclusive1PtrkShortSig5_DisplacedLoose_v9,0,1,1,1,1,1,1,1,1,0,1,1,1,0
HLT_Mu6HT240_DisplacedDijet45_Inclusive0PtrkShortSig5_v9,0,1,1,1,1,1,1,1,1,0,1,1,1,0
HLT_Mu6HT240_DisplacedDijet50_Inclusive0PtrkShortSig5_v9,0,1,1,1,1,1,1,1,1,0,1,1,1,0
HLT_HT350_v5,0,2060,2060,2060,2060,2060,2060,2060,2060,0,2060,2060,1,0
HLT_HT425_v17,0,512,512,512,512,512,512,512,512,0,512,512,1,0
HLT_HT360_DisplacedDijet40_Inclusive1PtrkShortSig5_v5,0,1,1,1,1,1,1,1,1,0,1,1,1,0
HLT_HT360_DisplacedDijet45_Inclusive1PtrkShortSig5_v5,0,1,1,1,1,1,1,1,1,0,1,1,1,0
HLT_HT390_DisplacedDijet40_Inclusive1PtrkShortSig5_v5,0,1,1,1,1,1,1,1,1,0,1,1,1,0
HLT_HT390_DisplacedDijet45_Inclusive1PtrkShortSig5_v5,0,1,1,1,1,1,1,1,1,0,1,1,1,0
HLT_HT390eta2p0_DisplacedDijet40_Inclusive1PtrkShortSig5_v5,0,1,1,1,1,1,1,1,1,0,1,1,1,0
HLT_HT430_DisplacedDijet40_Inclusive1PtrkShortSig5_v9,0,1,1,1,1,1,1,1,1,0,1,1,1,0
HLT_HT400_DisplacedDijet40_DisplacedTrack_v21,0,4,4,4,4,4,4,4,4,0,4,4,1,0
HLT_HT430_DisplacedDijet40_DisplacedTrack_v21,0,1,1,1,1,1,1,1,1,0,1,1,1,0
HLT_HT550_DisplacedDijet60_Inclusive_v21,0,16,16,16,16,16,16,16,16,0,16,16,1,0
HLT_HT650_DisplacedDijet60_Inclusive_v21,0,1,1,1,1,1,1,1,1,0,1,1,1,0
HLT_CaloMET60_DTCluster50_v9,0,50,50,50,50,50,50,50,50,0,50,50,1,0
HLT_CaloMET60_DTClusterNoMB1S50_v9,0,1,1,1,1,1,1,1,1,0,1,1,1,0
HLT_L1MET_DTCluster50_v9,0,100,100,100,100,100,100,100,100,0,100,100,1,0
HLT_L1MET_DTClusterNoMB1S50_v9,0,1,1,1,1,1,1,1,1,0,1,1,1,0
HLT_CscCluster_Loose_v8,0,1,1,1,1,1,1,1,1,1,1,1,1,0
HLT_CscCluster_Medium_v8,0,1,1,1,1,1,1,1,1,1,1,1,1,0
HLT_CscCluster_Tight_v8,0,1,1,1,1,1,1,1,1,1,1,1,1,0
HLT_CscCluster50_Photon20Unseeded_v2,0,1,1,1,1,1,1,1,1,1,1,1,1,0
HLT_CscCluster50_Photon30Unseeded_v2,0,1,1,1,1,1,1,1,1,1,1,1,1,0
HLT_CscCluster100_Ele5_v2,0,1,1,1,1,1,1,1,1,1,1,1,1,0
HLT_CscCluster100_Mu5_v2,0,1,1,1,1,1,1,1,1,1,1,1,1,0
HLT_CscCluster100_PNetTauhPFJet10_Loose_v2,0,1,1,1,1,1,1,1,1,1,1,1,1,0
HLT_DoubleCscCluster75_v5,0,1,1,1,1,1,1,1,1,1,1,1,1,0
HLT_IsoTrk200_L1SingleMuShower_v2,0,1,1,1,1,1,1,1,1,1,1,1,1,0
HLT_IsoTrk400_L1SingleMuShower_v2,0,1,1,1,1,1,1,1,1,1,1,1,1,0
HLT_DoubleCscCluster100_v5,0,1,1,1,1,1,1,1,1,1,1,1,1,0
HLT_L1CSCShower_DTCluster50_v8,0,1,1,1,1,1,1,1,1,1,1,1,1,0
HLT_L1CSCShower_DTCluster75_v8,0,1,1,1,1,1,1,1,1,1,1,1,1,0
HLT_PFMET105_IsoTrk50_v9,0,1,1,1,1,1,1,1,1,0,1,1,1,0
HLT_L1SingleLLPJet_v5,0,1000,1000,1000,1000,1000,1000,1000,1000,0,1000,1000,1,0
HLT_HT170_L1SingleLLPJet_DisplacedDijet40_DisplacedTrack_v9,0,1,1,1,1,1,1,1,1,0,1,1,1,0
HLT_HT200_L1SingleLLPJet_DisplacedDijet40_DisplacedTrack_v9,0,1,1,1,1,1,1,1,1,0,1,1,1,0
HLT_HT200_L1SingleLLPJet_DisplacedDijet60_DisplacedTrack_v9,0,1,1,1,1,1,1,1,1,0,1,1,1,0
HLT_HT270_L1SingleLLPJet_DisplacedDijet40_DisplacedTrack_v9,0,1,1,1,1,1,1,1,1,0,1,1,1,0
HLT_HT200_L1SingleLLPJet_DisplacedDijet40_Inclusive1PtrkShortSig5_v9,0,1,1,1,1,1,1,1,1,0,1,1,1,0
HLT_HT240_L1SingleLLPJet_DisplacedDijet40_Inclusive1PtrkShortSig5_v6,0,1,1,1,1,1,1,1,1,0,1,1,1,0
HLT_HT280_L1SingleLLPJet_DisplacedDijet40_Inclusive1PtrkShortSig5_v6,0,1,1,1,1,1,1,1,1,0,1,1,1,0
HLT_HT320_L1SingleLLPJet_DisplacedDijet60_Inclusive_v9,0,1,1,1,1,1,1,1,1,0,1,1,1,0
HLT_HT420_L1SingleLLPJet_DisplacedDijet60_Inclusive_v9,0,1,1,1,1,1,1,1,1,0,1,1,1,0
HLT_HT200_L1SingleLLPJet_DelayedJet40_SingleDelay1nsTrackless_v9,0,1,1,1,1,1,1,1,1,0,1,0,1,0
HLT_HT200_L1SingleLLPJet_DelayedJet40_SingleDelay2nsInclusive_v9,0,1,1,1,1,1,1,1,1,0,1,0,1,0
HLT_HT200_L1SingleLLPJet_DelayedJet40_DoubleDelay0p5nsTrackless_v9,0,1,1,1,1,1,1,1,1,0,1,0,1,0
HLT_HT200_L1SingleLLPJet_DelayedJet40_DoubleDelay1nsInclusive_v9,0,1,1,1,1,1,1,1,1,0,1,0,1,0
HLT_HT200_L1SingleLLPJet_PFJet60_NeutralHadronFrac0p7_v2,0,1,1,1,1,1,1,1,1,0,1,0,1,0
HLT_HT200_L1SingleLLPJet_PFJet60_NeutralHadronFrac0p8_v2,0,1,1,1,1,1,1,1,1,0,1,0,1,0
HLT_DiPhoton10Time1ns_v8,0,1,1,1,1,1,1,1,1,0,1,0,1,0
HLT_DiPhoton10Time1p2ns_v8,0,1,1,1,1,1,1,1,1,0,1,0,1,0
HLT_DiPhoton10Time1p4ns_v8,0,1,1,1,1,1,1,1,1,0,1,0,1,0
HLT_DiPhoton10Time1p6ns_v8,0,1,1,1,1,1,1,1,1,0,1,0,1,0
HLT_DiPhoton10Time1p8ns_v8,0,1,1,1,1,1,1,1,1,0,1,0,1,0
HLT_DiPhoton10Time2ns_v8,0,1,1,1,1,1,1,1,1,0,1,0,1,0
HLT_DiPhoton10_CaloIdL_v8,0,20000,20000,20000,20000,20000,20000,20000,20000,0,20000,20000,1,0
HLT_DoubleEle6p5_eta1p22_mMax6_v8,0,1,1,1,1,1,1,1,1,0,1,1,1,0
HLT_DoubleEle8_eta1p22_mMax6_v8,0,1,1,1,1,1,1,1,1,0,1,1,1,0
HLT_DoubleEle10_eta1p22_mMax6_v8,0,1,1,1,1,1,1,1,1,0,1,1,1,0
HLT_SingleEle8_v7,0,100,100,100,100,100,100,100,100,0,100,100,1,0
HLT_SingleEle8_SingleEGL1_v7,0,10,10,10,10,10,10,10,10,0,10,10,1,0
HLT_Diphoton20_14_eta1p5_R9IdL_AND_HE_AND_IsoTCaloIdT_v8,0,100,100,100,100,100,100,100,100,0,100,100,1,0
HLT_Diphoton20_14_eta1p5_R9IdL_AND_HET_AND_IsoTCaloIdT_v8,0,100,100,100,100,100,100,100,100,0,100,100,1,0
HLT_Diphoton22_14_eta1p5_R9IdL_AND_HE_AND_IsoTCaloIdT_v8,0,100,100,100,100,100,100,100,100,0,100,100,1,0
HLT_Diphoton22_14_eta1p5_R9IdL_AND_HET_AND_IsoTCaloIdT_v8,0,1,1,1,1,1,1,1,1,0,1,1,1,0
HLT_Diphoton24_14_eta1p5_R9IdL_AND_HET_AND_IsoTCaloIdT_v8,0,1,1,1,1,1,1,1,1,0,1,1,1,0
HLT_Diphoton24_16_eta1p5_R9IdL_AND_HET_AND_IsoTCaloIdT_v8,0,1,1,1,1,1,1,1,1,0,1,1,1,0
HLT_Mu50_L1SingleMuShower_v7,0,1,1,1,1,1,1,1,1,1,1,1,1,0
HLT_IsoMu24_OneProng32_v5,0,1,1,1,1,1,1,1,1,1,1,1,1,0
HLT_Photon32_OneProng32_M50To105_v6,0,1,1,1,1,1,1,1,1,0,1,1,1,0
HLT_DoubleMediumDeepTauPFTauHPS30_L2NN_eta2p1_OneProng_v4,0,1,1,1,1,1,1,1,1,0,1,1,1,0
HLT_IsoMu24_eta2p1_MediumDeepTauPFTauHPS30_L2NN_eta2p1_OneProng_CrossL1_v4,0,1,1,1,1,1,1,1,1,0,1,1,1,0
HLT_VBF_DiPFJet125_45_Mjj1050_v4,0,1,1,1,1,1,1,1,1,0,1,1,1,0
HLT_VBF_DiPFJet125_45_Mjj1200_v2,0,1,1,1,1,1,1,1,1,0,1,1,1,0
HLT_VBF_DiPFJet75_45_Mjj800_DiPFJet60_v2,0,1,1,1,1,1,1,1,1,0,1,1,1,0
HLT_VBF_DiPFJet75_45_Mjj850_DiPFJet60_v2,0,1,1,1,1,1,1,1,1,0,1,1,1,0
HLT_VBF_DiPFJet80_45_Mjj650_PFMETNoMu85_v2,0,1,1,1,1,1,1,1,1,0,1,1,1,0
HLT_VBF_DiPFJet80_45_Mjj750_PFMETNoMu85_v2,0,1,1,1,1,1,1,1,1,0,1,1,1,0
HLT_VBF_DiPFJet95_45_Mjj750_Mu3_TrkIsoVVL_v2,0,1,1,1,1,1,1,1,1,0,1,1,1,0
HLT_VBF_DiPFJet95_45_Mjj850_Mu3_TrkIsoVVL_v2,0,1,1,1,1,1,1,1,1,0,1,1,1,0
HLT_VBF_DiPFJet50_Mjj650_Photon22_v2,0,1,1,1,1,1,1,1,1,0,1,1,1,0
HLT_VBF_DiPFJet50_Mjj750_Photon22_v2,0,1,1,1,1,1,1,1,1,0,1,1,1,0
HLT_VBF_DiPFJet50_Mjj600_Ele22_eta2p1_WPTight_Gsf_v2,0,1,1,1,1,1,1,1,1,0,1,1,1,0
HLT_VBF_DiPFJet50_Mjj650_Ele22_eta2p1_WPTight_Gsf_v2,0,1,1,1,1,1,1,1,1,0,1,1,1,0
HLT_VBF_DiPFJet45_Mjj650_MediumDeepTauPFTauHPS45_L2NN_eta2p1_v2,0,1,1,1,1,1,1,1,1,0,1,1,1,0
HLT_VBF_DiPFJet45_Mjj750_MediumDeepTauPFTauHPS45_L2NN_eta2p1_v2,0,1,1,1,1,1,1,1,1,0,1,1,1,0
HLT_VBF_DoublePNetTauhPFJet20_eta2p2_v2,0,1,1,1,1,1,1,1,1,0,1,1,1,0
HLT_VBF_DiPFJet45_Mjj650_PNetTauhPFJet45_L2NN_eta2p3_v2,0,1,1,1,1,1,1,1,1,0,1,1,1,0
HLT_VBF_DiPFJet45_Mjj750_PNetTauhPFJet45_L2NN_eta2p3_v2,0,1,1,1,1,1,1,1,1,0,1,1,1,0
HLT_PFJet200_TimeLtNeg2p5ns_v6,0,100,100,100,100,100,100,100,100,0,100,100,1,0
HLT_PFJet200_TimeGt2p5ns_v6,0,1,1,1,1,1,1,1,1,0,1,0,1,0
HLT_Photon50_TimeLtNeg2p5ns_v5,0,25,25,25,25,25,25,25,25,0,25,25,1,0
HLT_Photon50_TimeGt2p5ns_v5,0,5,5,5,5,5,5,5,5,0,5,5,1,0
HLT_PPSMaxTracksPerArm1_v7,7,7,7,7,7,7,7,7,7,7,7,7,1,1
HLT_PPSMaxTracksPerRP4_v7,12,12,12,12,12,12,12,12,12,12,12,12,1,1
HLT_PPSRandom_v1,3,3,3,3,3,3,3,3,3,3,3,3,1,1
MC_ReducedIterativeTracking_v20,0,0,0,0,0,0,0,0,0,0,0,0,0,0
MC_AK4CaloJets_v17,0,0,0,0,0,0,0,0,0,0,0,0,0,0
MC_AK4CaloJetsFromPV_v16,0,0,0,0,0,0,0,0,0,0,0,0,0,0
MC_CaloHT_v16,0,0,0,0,0,0,0,0,0,0,0,0,0,0
MC_AK8CaloHT_v16,0,0,0,0,0,0,0,0,0,0,0,0,0,0
MC_CaloMHT_v16,0,0,0,0,0,0,0,0,0,0,0,0,0,0
MC_AK4PFJets_v25,0,0,0,0,0,0,0,0,0,0,0,0,0,0
MC_PFHT_v24,0,0,0,0,0,0,0,0,0,0,0,0,0,0
MC_AK8PFJets_v25,0,0,0,0,0,0,0,0,0,0,0,0,0,0
MC_AK8PFHT_v24,0,0,0,0,0,0,0,0,0,0,0,0,0,0
MC_CaloMET_v16,0,0,0,0,0,0,0,0,0,0,0,0,0,0
MC_CaloMET_JetIdCleaned_v17,0,0,0,0,0,0,0,0,0,0,0,0,0,0
MC_PFMET_v25,0,0,0,0,0,0,0,0,0,0,0,0,0,0
MC_PFMHT_v24,0,0,0,0,0,0,0,0,0,0,0,0,0,0
MC_AK4PFJetPNet_v1,0,0,0,0,0,0,0,0,0,0,0,0,0,0
MC_AK8PFJetPNet_v1,0,0,0,0,0,0,0,0,0,0,0,0,0,0
MC_Egamma_Open_v6,0,0,0,0,0,0,0,0,0,0,0,0,0,0
MC_Egamma_Open_Unseeded_v6,0,0,0,0,0,0,0,0,0,0,0,0,0,0
MC_Ele5_WPTight_Gsf_v16,0,0,0,0,0,0,0,0,0,0,0,0,0,0
MC_Ele15_Ele10_CaloIdL_TrackIdL_IsoVL_DZ_v23,0,0,0,0,0,0,0,0,0,0,0,0,0,0
MC_Diphoton10_10_R9Id_OR_IsoCaloId_AND_HE_R9Id_Mass10_v21,0,0,0,0,0,0,0,0,0,0,0,0,0,0
MC_DoubleEle5_CaloIdL_MW_v24,0,0,0,0,0,0,0,0,0,0,0,0,0,0
MC_IsoMu_v23,0,0,0,0,0,0,0,0,0,0,0,0,0,0
MC_DoubleMu_TrkIsoVVL_DZ_v19,0,0,0,0,0,0,0,0,0,0,0,0,0,0
MC_DoubleMuNoFiltersNoVtx_v15,0,0,0,0,0,0,0,0,0,0,0,0,0,0
MC_PFScouting_v2,0,0,0,0,0,0,0,0,0,0,0,0,0,0
HLT_L1AXOVTight_v2,0,0,0,0,0,0,0,0,0,0,0,0,0,0
HLTriggerFinalPath,1,1,1,1,1,1,1,1,1,1,1,1,1,1
Dataset_AlCaLowPtJet,1,1,1,1,1,1,1,1,1,1,1,1,1,1
Dataset_AlCaLumiPixelsCountsExpress,1,1,1,1,1,1,1,1,1,1,1,1,1,1
Dataset_AlCaLumiPixelsCountsPrompt,1,1,1,1,1,1,1,1,1,1,1,1,1,1
Dataset_AlCaP0,1,1,1,1,1,1,1,1,1,1,1,1,1,1
Dataset_AlCaPPSExpress,1,1,1,1,1,1,1,1,1,1,1,1,1,1
Dataset_AlCaPPSPrompt,1,1,1,1,1,1,1,1,1,1,1,1,1,1
Dataset_AlCaPhiSym,1,1,1,1,1,1,1,1,1,1,1,1,1,1
Dataset_BTagMu,1,1,1,1,1,1,1,1,1,1,1,1,1,1
Dataset_Commissioning,1,1,1,1,1,1,1,1,1,1,1,1,1,1
Dataset_Cosmics,1,1,1,1,1,1,1,1,1,1,1,1,1,1
Dataset_DQMGPUvsCPU,1,1,1,1,1,1,1,1,1,1,1,1,1,1
Dataset_DQMOnlineBeamspot,1,1,1,1,1,1,1,1,1,1,1,1,1,1
Dataset_DQMPPSRandom,1,1,1,1,1,1,1,1,1,1,1,1,1,1
Dataset_DisplacedJet,1,1,1,1,1,1,1,1,1,1,1,1,1,1
Dataset_EGamma0,2,2,2,2,2,2,2,2,2,2,2,2,2,2
Dataset_EGamma1,2,2,2,2,2,2,2,2,2,2,2,2,2,2
Dataset_EcalLaser,1,1,1,1,1,1,1,1,1,1,1,1,1,1
Dataset_EphemeralHLTPhysics0,8,8,8,8,8,8,8,8,8,8,8,8,8,8
Dataset_EphemeralHLTPhysics1,8,8,8,8,8,8,8,8,8,8,8,8,8,8
Dataset_EphemeralHLTPhysics2,8,8,8,8,8,8,8,8,8,8,8,8,8,8
Dataset_EphemeralHLTPhysics3,8,8,8,8,8,8,8,8,8,8,8,8,8,8
Dataset_EphemeralHLTPhysics4,8,8,8,8,8,8,8,8,8,8,8,8,8,8
Dataset_EphemeralHLTPhysics5,8,8,8,8,8,8,8,8,8,8,8,8,8,8
Dataset_EphemeralHLTPhysics6,8,8,8,8,8,8,8,8,8,8,8,8,8,8
Dataset_EphemeralHLTPhysics7,8,8,8,8,8,8,8,8,8,8,8,8,8,8
Dataset_EphemeralZeroBias0,8,8,8,8,8,8,8,8,8,8,8,8,8,8
Dataset_EphemeralZeroBias1,8,8,8,8,8,8,8,8,8,8,8,8,8,8
Dataset_EphemeralZeroBias2,8,8,8,8,8,8,8,8,8,8,8,8,8,8
Dataset_EphemeralZeroBias3,8,8,8,8,8,8,8,8,8,8,8,8,8,8
Dataset_EphemeralZeroBias4,8,8,8,8,8,8,8,8,8,8,8,8,8,8
Dataset_EphemeralZeroBias5,8,8,8,8,8,8,8,8,8,8,8,8,8,8
Dataset_EphemeralZeroBias6,8,8,8,8,8,8,8,8,8,8,8,8,8,8
Dataset_EphemeralZeroBias7,8,8,8,8,8,8,8,8,8,8,8,8,8,8
Dataset_EventDisplay,1,1,1,1,1,1,1,1,1,1,1,1,1,1
Dataset_ExpressAlignment,1,1,1,1,1,1,1,1,1,1,1,1,1,1
Dataset_ExpressPhysics,1,1,1,1,1,1,1,1,1,1,1,1,1,1
Dataset_HLTMonitor,1,1,1,1,1,1,1,1,1,1,1,1,1,1
Dataset_HLTPhysics,1,1,1,1,1,1,1,1,1,1,1,1,1,1
Dataset_HcalNZS,1,1,1,1,1,1,1,1,1,1,1,1,1,1
Dataset_JetMET0,2,2,2,2,2,2,2,2,2,2,2,2,2,2
Dataset_JetMET1,2,2,2,2,2,2,2,2,2,2,2,2,2,2
Dataset_L1Accept,1,1,1,1,1,1,1,1,1,1,1,1,1,1
Dataset_MonteCarlo,1,1,1,1,1,1,1,1,1,1,1,1,1,1
Dataset_Muon0,2,2,2,2,2,2,2,2,2,2,2,2,2,2
Dataset_Muon1,2,2,2,2,2,2,2,2,2,2,2,2,2,2
Dataset_MuonEG,1,1,1,1,1,1,1,1,1,1,1,1,1,1
Dataset_NoBPTX,1,1,1,1,1,1,1,1,1,1,1,1,1,1
Dataset_OnlineMonitor,25,25,25,25,25,25,25,25,25,25,25,25,0,25
Dataset_ParkingDoubleMuonLowMass0,8,8,8,8,8,8,8,8,8,8,8,8,8,8
Dataset_ParkingDoubleMuonLowMass1,8,8,8,8,8,8,8,8,8,8,8,8,8,8
Dataset_ParkingDoubleMuonLowMass2,8,8,8,8,8,8,8,8,8,8,8,8,8,8
Dataset_ParkingDoubleMuonLowMass3,8,8,8,8,8,8,8,8,8,8,8,8,8,8
Dataset_ParkingDoubleMuonLowMass4,8,8,8,8,8,8,8,8,8,8,8,8,8,8
Dataset_ParkingDoubleMuonLowMass5,8,8,8,8,8,8,8,8,8,8,8,8,8,8
Dataset_ParkingDoubleMuonLowMass6,8,8,8,8,8,8,8,8,8,8,8,8,8,8
Dataset_ParkingDoubleMuonLowMass7,8,8,8,8,8,8,8,8,8,8,8,8,8,8
Dataset_ParkingHH,1,1,1,1,1,1,1,1,1,1,1,1,1,1
Dataset_ParkingLLP,1,1,1,1,1,1,1,1,1,1,1,1,1,1
Dataset_ParkingSingleMuon0,8,8,8,8,8,8,8,8,8,8,8,8,8,8
Dataset_ParkingSingleMuon1,8,8,8,8,8,8,8,8,8,8,8,8,8,8
Dataset_ParkingSingleMuon2,8,8,8,8,8,8,8,8,8,8,8,8,8,8
Dataset_ParkingSingleMuon3,8,8,8,8,8,8,8,8,8,8,8,8,8,8
Dataset_ParkingSingleMuon4,8,8,8,8,8,8,8,8,8,8,8,8,8,8
Dataset_ParkingSingleMuon5,8,8,8,8,8,8,8,8,8,8,8,8,8,8
Dataset_ParkingSingleMuon6,8,8,8,8,8,8,8,8,8,8,8,8,8,8
Dataset_ParkingSingleMuon7,8,8,8,8,8,8,8,8,8,8,8,8,8,8
Dataset_ParkingVBF0,8,8,8,8,8,8,8,8,8,8,8,8,8,8
Dataset_ParkingVBF1,8,8,8,8,8,8,8,8,8,8,8,8,8,8
Dataset_ParkingVBF2,8,8,8,8,8,8,8,8,8,8,8,8,8,8
Dataset_ParkingVBF3,8,8,8,8,8,8,8,8,8,8,8,8,8,8
Dataset_ParkingVBF4,8,8,8,8,8,8,8,8,8,8,8,8,8,8
Dataset_ParkingVBF5,8,8,8,8,8,8,8,8,8,8,8,8,8,8
Dataset_ParkingVBF6,8,8,8,8,8,8,8,8,8,8,8,8,8,8
Dataset_ParkingVBF7,8,8,8,8,8,8,8,8,8,8,8,8,8,8
Dataset_RPCMonitor,1,1,1,1,1,1,1,1,1,1,1,1,1,1
Dataset_ScoutingPFMonitor,1,1,1,1,1,1,1,1,1,1,1,1,1,1
Dataset_ScoutingPFRun3,1,1,1,1,1,1,1,1,1,1,1,1,1,1
Dataset_Tau,1,1,1,1,1,1,1,1,1,1,1,1,1,1
Dataset_TestEnablesEcalHcal,1,1,1,1,1,1,1,1,1,1,1,1,1,1
Dataset_TestEnablesEcalHcalDQM,1,1,1,1,1,1,1,1,1,1,1,1,1,1
Dataset_ZeroBias,1,1,1,1,1,1,1,1,1,1,1,1,1,1
